Date,Musanze,Mombasa,Maseno,Lome,Lagos,Koulikoro,Kigali,Kayonza,Kamembe,Nairobi
16/01/1960,4.5,3.5,4.9,3.7,3.5,4.1,2.6,3.7,3.5,4.5
15/02/1960,4.7,3.6,5.1,4.2,4,4.6,2.8,3.7,3.7,4.7
16/03/1960,4.1,3.4,4.5,4.2,3.9,4.7,2.4,3.5,3.5,4.1
16/04/1960,3.2,2.9,3.9,3.9,3.6,4.2,2.1,2.9,2.9,3.2
16/05/1960,2.9,3.1,3.6,3.5,3.3,3.5,2.4,3,3.1,2.9
16/06/1960,2.4,2.3,3.6,2.8,2.6,3,2.4,2.2,2.1,2.4
16/07/1960,2.5,2.8,3.5,2.7,2.5,2.5,3.1,2.7,2.6,2.5
16/08/1960,2.9,2.9,4,2.9,2.6,2.6,3.2,2.8,2.7,2.9
16/09/1960,3.6,3.1,4.2,3,2.7,2.7,3,3,3,3.6
16/10/1960,4,3.1,4.3,3.3,2.9,3.1,2.8,3.1,3,4
16/11/1960,3.5,3.1,4.4,3.6,3.2,3.7,2.5,3.2,3.2,3.5
16/12/1960,4,3.2,4.7,3.4,3.3,4.2,2.5,3.5,3.3,4
16/01/1961,5.1,3.4,5.5,3.6,3.3,4.1,2.6,3.7,3.5,5.1
15/02/1961,4.8,3.5,5.2,4.4,4.3,4.6,2.7,3.7,3.6,4.8
16/03/1961,4.6,3.5,5,4.6,4.4,4.8,2.6,3.6,3.6,4.6
16/04/1961,3.5,3.2,4.3,3.9,3.6,4.1,2.4,3.3,3.3,3.5
16/05/1961,3.1,3.3,3.9,3.5,3.3,3.6,2.5,3.2,3.2,3.1
16/06/1961,2.9,3,3.9,2.7,2.5,2.9,2.9,2.9,2.7,2.9
16/07/1961,2.4,2.7,3.5,2.5,2.3,2.4,3,2.7,2.4,2.4
16/08/1961,2.6,2.7,3.7,2.9,2.7,2.5,3,2.6,2.5,2.6
16/09/1961,3.5,3,4,3.1,2.7,2.7,3,2.9,2.9,3.5
16/10/1961,3.8,2.8,4,3.5,3,3.2,2.6,2.8,2.7,3.8
16/11/1961,2.9,2.7,3.8,3.6,3.2,3.9,2.2,2.7,2.7,2.9
16/12/1961,3.5,2.9,4.2,3.5,3.6,4.2,2.2,3.2,3,3.5
16/01/1962,4.1,3.3,4.3,3.8,3.7,4.2,2.4,3.5,3.4,4.1
15/02/1962,5,4,5.1,4.4,4.3,4.7,2.9,4.2,4.1,5
16/03/1962,4.4,3.3,5,4.2,4,4.6,2.5,3.5,3.4,4.4
16/04/1962,3.6,3.1,4.2,4,3.7,4,2.3,3.2,3.1,3.6
16/05/1962,2.9,3,3.6,3.4,3.2,3.5,2.2,2.9,2.9,2.9
16/06/1962,2.8,2.9,3.9,2.6,2.3,2.9,2.7,2.9,2.7,2.8
16/07/1962,2.7,2.9,3.7,2.6,2.4,2.6,3.2,2.8,2.6,2.7
16/08/1962,2.8,2.8,3.8,2.8,2.5,2.6,3.1,2.8,2.6,2.8
16/09/1962,3.6,3,4.1,3.1,2.7,2.7,3.1,2.9,2.9,3.6
16/10/1962,4,3,4.2,3.3,2.9,3.1,2.7,3,3,4
16/11/1962,3.7,3.2,4.4,3.3,2.8,3.5,2.6,3.3,3.2,3.7
16/12/1962,3.8,3.1,4.5,3.4,3.2,4,2.4,3.4,3.2,3.8
16/01/1963,4.4,3.3,4.7,3.3,3.1,4.5,2.6,3.6,3.4,4.4
15/02/1963,4.8,3.7,4.9,3.8,3.5,4.7,2.8,3.8,3.8,4.8
16/03/1963,4.2,3.5,4.5,4.3,3.9,4.7,2.6,3.7,3.6,4.2
16/04/1963,3.3,2.9,3.8,3.9,3.5,4,2.3,3,3,3.3
16/05/1963,2.8,3,3.4,3.4,3.1,3.5,2.2,2.9,2.9,2.8
16/06/1963,2.6,3,3.5,2.9,2.7,3.1,2.8,2.9,2.9,2.6
16/07/1963,2.7,2.8,3.6,2.7,2.6,2.5,3.2,2.8,2.5,2.7
16/08/1963,2.9,2.9,3.8,2.8,2.6,2.5,3.3,2.8,2.7,2.9
16/09/1963,3.8,3.3,4.2,3.2,2.7,2.7,3.2,3.2,3.2,3.8
16/10/1963,4.3,3.3,4.5,3.4,2.9,3,3.1,3.3,3.3,4.3
16/11/1963,3.1,2.9,3.8,3.7,3.4,3.7,2.3,2.9,2.9,3.1
16/12/1963,3.5,3,4.2,3.5,3.4,4.3,2.3,3.2,3.1,3.5
16/01/1964,4.5,3.4,4.6,3.6,3.4,4.2,2.6,3.6,3.5,4.5
15/02/1964,4.8,3.7,5,4.3,4.1,4.8,2.8,3.8,3.8,4.8
16/03/1964,4.3,3.6,4.4,4.3,4,4.8,2.6,3.7,3.7,4.3
16/04/1964,3.2,3.1,3.8,3.9,3.6,4,2.2,3.2,3.2,3.2
16/05/1964,2.9,3.1,3.5,3.4,3.2,3.5,2.4,3,3.1,2.9
16/06/1964,2.7,2.9,3.7,2.7,2.5,3,2.8,2.9,2.7,2.7
16/07/1964,2.6,2.8,3.5,2.6,2.4,2.5,3.1,2.7,2.4,2.6
16/08/1964,2.9,2.8,3.8,2.8,2.7,2.6,3.1,2.7,2.6,2.9
16/09/1964,3.7,3.1,4.2,3.1,2.6,2.7,3.1,2.9,3,3.7
16/10/1964,4.1,3,4.3,3.4,2.9,3.1,2.8,3,2.9,4.1
16/11/1964,3.8,3.3,4.6,3.5,3.2,3.5,2.7,3.4,3.2,3.8
16/12/1964,3.9,3,4.5,3.2,3.1,4,2.5,3.2,3,3.9
16/01/1965,4.5,3.5,4.7,3.5,3.1,4.2,2.8,3.7,3.6,4.5
15/02/1965,4.9,3.7,5,3.9,3.6,4.7,2.8,3.9,3.8,4.9
16/03/1965,4.7,3.4,5.1,4.3,4.1,4.8,2.5,3.6,3.4,4.7
16/04/1965,3.5,3.2,4,4,3.7,4.1,2.3,3.2,3.2,3.5
16/05/1965,3.1,3.3,3.8,3.5,3.2,3.5,2.4,3.3,3.3,3.1
16/06/1965,2.9,3.2,3.8,2.8,2.5,2.9,3,3.1,2.9,2.9
16/07/1965,2.7,3,3.7,2.6,2.4,2.5,3.3,3,2.8,2.7
16/08/1965,2.9,2.9,3.9,2.8,2.6,2.6,3.2,2.8,2.7,2.9
16/09/1965,3.7,3.2,4.2,3.1,2.7,2.7,3.1,3.1,3.1,3.7
16/10/1965,3.9,3,4,3.4,3,3.2,2.8,3,3,3.9
16/11/1965,3.4,3.1,4.2,3.6,3.2,3.8,2.5,3.2,3.1,3.4
16/12/1965,3.9,3.2,4.5,3.5,3.4,4.2,2.5,3.5,3.3,3.9
16/01/1966,4.6,3.5,4.9,3.7,3.4,4.3,2.7,3.7,3.6,4.6
15/02/1966,4.6,3.5,5,4.4,4.2,4.7,2.6,3.6,3.6,4.6
16/03/1966,4,3.3,4.6,4.3,4.1,4.8,2.4,3.4,3.4,4
16/04/1966,3.3,3.1,4,4,3.7,4,2.3,3.2,3.2,3.3
16/05/1966,3.1,3.2,3.7,3.5,3.2,3.4,2.5,3.1,3.1,3.1
16/06/1966,2.6,3.2,3.7,2.9,2.6,3,2.9,3.2,3,2.6
16/07/1966,2.5,2.9,3.7,2.8,2.7,2.7,3.1,2.8,2.5,2.5
16/08/1966,2.9,2.9,4,2.8,2.6,2.6,3.2,2.8,2.7,2.9
16/09/1966,3.7,3.2,4.3,3,2.6,2.6,3.1,3.1,3.1,3.7
16/10/1966,4.1,3.2,4.3,3.4,2.9,3.1,2.9,3.2,3.1,4.1
16/11/1966,3.6,3.1,4.5,3.4,3,3.6,2.5,3.2,3.1,3.6
16/12/1966,4.2,3.3,4.9,3.4,3.3,4.1,2.5,3.6,3.3,4.2
16/01/1967,5,3.5,5.1,4,3.9,4.1,2.7,3.8,3.5,5
15/02/1967,5,3.8,5.1,4.2,4,4.6,2.9,4,3.8,5
16/03/1967,4.7,3.6,5.1,4.2,4,4.6,2.7,3.8,3.6,4.7
16/04/1967,3.3,3.5,3.9,3.9,3.6,4.4,2.4,3.5,3.6,3.3
16/05/1967,2.7,3.1,3.4,3.4,3.1,3.6,2.2,3.1,3.1,2.7
16/06/1967,2.5,3,3.5,2.8,2.5,2.9,2.8,3,2.8,2.5
16/07/1967,2.5,2.8,3.4,2.7,2.5,2.5,3.1,2.7,2.5,2.5
16/08/1967,2.7,2.8,3.6,2.8,2.6,2.5,3.2,2.8,2.6,2.7
16/09/1967,3.5,3,3.9,3.1,2.7,2.7,3,2.9,2.9,3.5
16/10/1967,3.9,2.9,4.1,3.3,2.9,3.1,2.8,2.9,2.9,3.9
16/11/1967,3.1,2.9,4,3.6,3.2,3.6,2.3,2.9,2.9,3.1
16/12/1967,3.8,3.2,4.4,3.2,2.9,4.1,2.4,3.5,3.3,3.8
16/01/1968,4.6,3.6,4.6,3.6,3.2,4.1,2.6,3.8,3.7,4.6
15/02/1968,4.7,3.6,4.9,3.9,3.7,4.7,2.7,3.8,3.8,4.7
16/03/1968,4,3.6,4.4,4.1,3.7,4.7,2.4,3.7,3.7,4
16/04/1968,3.2,3.2,3.8,3.8,3.5,3.9,2.2,3.3,3.3,3.2
16/05/1968,2.9,3.2,3.5,3.5,3.2,3.5,2.3,3.1,3.1,2.9
16/06/1968,2.6,3,3.5,2.7,2.4,2.9,2.7,3,2.8,2.6
16/07/1968,2.6,2.8,3.5,2.7,2.5,2.6,3.2,2.8,2.6,2.6
16/08/1968,2.8,2.9,3.8,2.8,2.6,2.7,3.2,2.8,2.7,2.8
16/09/1968,3.8,3.3,4.3,2.9,2.5,2.7,3.3,3.2,3.2,3.8
16/10/1968,4.1,3.1,4.3,3.4,3,3.2,2.9,3.2,3.1,4.1
16/11/1968,3.3,3.2,4,3.4,3.1,3.6,2.5,3.2,3.2,3.3
16/12/1968,3.8,3,4.5,3.2,3.1,4,2.4,3.3,3.1,3.8
16/01/1969,4.5,3.2,4.9,3.6,3.5,4.2,2.5,3.4,3.2,4.5
15/02/1969,4.4,3.5,4.6,4.1,4,4.9,2.6,3.7,3.6,4.4
16/03/1969,4.1,3.3,4.6,4.2,3.9,4.6,2.5,3.5,3.3,4.1
16/04/1969,3.8,3.4,4.4,4,3.8,4,2.6,3.5,3.5,3.8
16/05/1969,3,3.2,3.7,3.5,3.3,3.3,2.3,3.1,3.1,3
16/06/1969,2.8,3.1,3.9,2.9,2.7,2.9,2.9,3,2.9,2.8
16/07/1969,2.6,3,3.7,2.6,2.5,2.6,3.3,2.9,2.7,2.6
16/08/1969,2.9,3.1,3.8,2.8,2.7,2.6,3.4,3,2.8,2.9
16/09/1969,3.9,3.2,4.3,3,2.6,2.7,3.2,3.1,3.1,3.9
16/10/1969,4.2,3.2,4.6,3.3,2.9,3,3,3.2,3.1,4.2
16/11/1969,3.5,3.2,4.4,3.6,3.3,3.7,2.6,3.3,3.2,3.5
16/12/1969,4.1,3.3,4.8,3.3,3.3,4.4,2.6,3.5,3.4,4.1
16/01/1970,4.1,3.4,4.7,3.4,3,4.2,2.5,3.6,3.5,4.1
15/02/1970,4.7,3.7,5,4.1,3.8,4.8,2.8,3.9,3.8,4.7
16/03/1970,4,3.3,4.7,4.2,3.9,5,2.5,3.4,3.4,4
16/04/1970,3.3,3.2,3.8,4,3.8,4.3,2.3,3.2,3.2,3.3
16/05/1970,2.9,3.2,3.5,3.4,3.2,3.6,2.4,3.1,3.1,2.9
16/06/1970,2.7,3.2,3.8,3,2.6,3.1,2.9,3.1,3,2.7
16/07/1970,2.6,2.8,3.7,2.6,2.4,2.5,3.1,2.8,2.6,2.6
16/08/1970,2.7,2.7,3.9,2.7,2.5,2.4,3.1,2.6,2.6,2.7
16/09/1970,3.7,3.1,4.1,3,2.5,2.6,3.2,3,3,3.7
16/10/1970,4.1,3,4.5,3.3,2.9,3.2,3,3,3,4.1
16/11/1970,3.7,3.3,4.7,3.6,3.3,3.8,2.6,3.5,3.4,3.7
16/12/1970,3.7,3.2,4.4,3.4,3.5,4.1,2.4,3.5,3.3,3.7
16/01/1971,4.6,3.6,4.8,3.7,3.4,4.1,2.7,3.8,3.6,4.6
15/02/1971,4.9,3.8,4.9,3.7,3.5,4.7,2.8,4.1,4,4.9
16/03/1971,4.8,3.8,4.8,4,3.6,4.8,2.8,4,3.9,4.8
16/04/1971,3.4,3.4,4,3.9,3.6,4.3,2.3,3.5,3.5,3.4
16/05/1971,2.9,3.3,3.5,3.6,3.3,3.7,2.4,3.2,3.2,2.9
16/06/1971,2.7,3.2,3.5,2.8,2.5,3.1,3,3.2,3,2.7
16/07/1971,2.5,2.9,3.5,2.7,2.5,2.5,3.1,2.9,2.6,2.5
16/08/1971,2.8,2.8,3.9,2.5,2.3,2.5,3.2,2.8,2.7,2.8
16/09/1971,3.8,3.1,4.2,2.9,2.5,2.7,3.1,3.1,3,3.8
16/10/1971,4.1,3.1,4.3,3.4,2.9,3.2,2.9,3.1,3.1,4.1
16/11/1971,3.8,3.1,4.8,3.7,3.4,3.9,2.5,3.2,3.1,3.8
16/12/1971,3.9,3.2,4.6,3.5,3.4,3.9,2.4,3.5,3.2,3.9
16/01/1972,4.6,3.4,4.9,3.6,3.4,4.3,2.7,3.6,3.4,4.6
15/02/1972,4.5,3.5,4.6,4,3.7,4.8,2.6,3.6,3.6,4.5
16/03/1972,4.6,3.6,4.8,4.1,3.8,4.7,2.7,3.7,3.6,4.6
16/04/1972,3.7,3.3,4.3,3.8,3.4,4,2.5,3.3,3.3,3.7
16/05/1972,2.9,3.2,3.4,3.4,3,3.4,2.3,3.1,3.1,2.9
16/06/1972,2.6,2.8,3.8,2.8,2.5,2.9,2.6,2.8,2.7,2.6
16/07/1972,2.5,2.9,3.5,2.6,2.4,2.6,3.1,2.8,2.6,2.5
16/08/1972,2.9,2.9,4.1,2.8,2.6,2.6,3.2,2.8,2.7,2.9
16/09/1972,3.8,3.3,4.1,3.1,2.6,2.8,3.2,3.2,3.2,3.8
16/10/1972,3.8,3.1,4,3.4,2.8,3.2,2.9,3.1,3.1,3.8
16/11/1972,3.2,3,4.2,3.8,3.5,3.8,2.4,3.1,3,3.2
16/12/1972,3.8,3.2,4.7,3.4,3.3,4.1,2.5,3.4,3.2,3.8
16/01/1973,4.4,3.5,4.7,3.8,3.4,4.2,2.6,3.7,3.6,4.4
15/02/1973,5,3.9,5,4.2,4,4.7,3,4.1,4,5
16/03/1973,4.9,3.8,5.2,4.4,4.1,4.6,2.9,3.8,3.8,4.9
16/04/1973,3.5,3.4,4.2,4.1,3.8,4.4,2.6,3.4,3.4,3.5
16/05/1973,2.8,3.2,3.6,3.6,3.3,3.5,2.5,3.1,3.1,2.8
16/06/1973,2.6,3.1,3.7,2.8,2.6,3,2.8,3,2.8,2.6
16/07/1973,2.7,2.9,3.8,2.7,2.6,2.8,3.2,2.8,2.6,2.7
16/08/1973,2.8,2.9,3.9,2.7,2.5,2.5,3.2,2.8,2.7,2.8
16/09/1973,3.8,3.1,4.6,2.9,2.5,2.6,3,3,3,3.8
16/10/1973,4.3,3.3,4.8,3.3,2.9,2.9,3,3.3,3.2,4.3
16/11/1973,3.6,3.2,4.6,3.8,3.5,3.8,2.7,3.3,3.3,3.6
16/12/1973,4.1,3.4,4.9,3.2,3,4.2,2.6,3.6,3.5,4.1
16/01/1974,4.9,3.5,5.4,3.7,3.3,4,2.8,3.7,3.6,4.9
15/02/1974,5.2,3.8,5.6,4.1,3.9,4.5,2.9,3.9,3.9,5.2
16/03/1974,4.4,3.5,5,4.1,3.7,4.8,2.7,3.6,3.5,4.4
16/04/1974,3.2,3.1,3.9,3.8,3.5,4.3,2.2,3.2,3.2,3.2
16/05/1974,2.9,3,3.8,3.4,3.1,3.5,2.3,2.9,2.9,2.9
16/06/1974,2.5,3,3.7,2.8,2.5,3,2.7,2.9,2.8,2.5
16/07/1974,2.5,2.7,3.6,2.7,2.4,2.4,2.9,2.7,2.4,2.5
16/08/1974,3,2.9,4,2.8,2.6,2.5,3.3,2.9,2.7,3
16/09/1974,3.7,3.2,4.2,2.8,2.4,2.5,3.2,3.1,3.1,3.7
16/10/1974,4.3,3.3,4.6,3.2,2.7,3.1,3.1,3.3,3.2,4.3
16/11/1974,3.7,3.3,4.5,3.6,3.3,3.6,2.6,3.4,3.4,3.7
16/12/1974,4.2,3.2,4.8,3.5,3.5,3.9,2.5,3.5,3.3,4.2
16/01/1975,4.7,3.5,5,4.2,4.1,3.9,2.6,3.8,3.6,4.7
15/02/1975,5.2,3.7,5.3,4,3.6,4.6,3,3.9,3.8,5.2
16/03/1975,4.5,3.5,4.9,4.1,3.7,4.7,2.6,3.7,3.6,4.5
16/04/1975,3.5,3.3,4.1,3.8,3.5,4.3,2.4,3.4,3.3,3.5
16/05/1975,2.9,3.2,3.5,3.4,3.1,3.5,2.4,3.1,3.2,2.9
16/06/1975,2.5,2.8,3.5,2.8,2.4,2.9,2.7,2.8,2.7,2.5
16/07/1975,2.5,2.8,3.6,2.5,2.3,2.5,3,2.7,2.5,2.5
16/08/1975,2.7,2.7,3.8,2.6,2.3,2.5,3,2.6,2.5,2.7
16/09/1975,3.5,3,3.9,2.8,2.4,2.6,2.9,2.9,2.9,3.5
16/10/1975,4,3,4.2,3.3,2.8,3,2.7,3,3,4
16/11/1975,3.8,3.3,4.7,3.5,3,3.6,2.6,3.4,3.3,3.8
16/12/1975,4.1,3.1,4.7,3.3,3.3,4,2.4,3.4,3.2,4.1
16/01/1976,4.8,3.7,5.1,3.7,3.4,4.1,2.8,3.9,3.7,4.8
15/02/1976,4.8,3.6,5.2,3.8,3.3,4.4,2.9,3.8,3.8,4.8
16/03/1976,4.6,3.4,4.9,3.9,3.6,4.5,2.6,3.6,3.5,4.6
16/04/1976,3.6,3.2,4.1,3.8,3.5,4.2,2.3,3.3,3.3,3.6
16/05/1976,2.9,3,3.6,3.4,3.1,3.6,2.2,3,3,2.9
16/06/1976,2.7,3,3.8,2.6,2.4,2.9,2.7,3,2.9,2.7
16/07/1976,2.6,2.8,3.7,2.6,2.4,2.5,2.9,2.7,2.5,2.6
16/08/1976,2.9,2.9,3.9,2.8,2.5,2.6,3.1,2.8,2.7,2.9
16/09/1976,3.7,3.3,4.2,3.1,2.7,2.8,3.1,3.2,3.2,3.7
16/10/1976,4.2,3.3,4.4,3,2.5,3.1,2.9,3.4,3.2,4.2
16/11/1976,3.7,3.1,4.8,3.2,2.6,3.7,2.5,3.2,3.1,3.7
16/12/1976,4.3,3.2,5.1,3.3,3.2,4,2.6,3.5,3.3,4.3
16/01/1977,4.3,3.3,4.9,3.3,2.9,3.9,2.4,3.5,3.4,4.3
15/02/1977,4.7,3.7,5,4.1,3.8,4.3,2.8,3.9,3.9,4.7
16/03/1977,4.4,3.5,4.8,4.5,4.3,4.3,2.6,3.7,3.5,4.4
16/04/1977,3.2,3,3.8,4.1,3.9,3.8,2.1,3.1,3.1,3.2
16/05/1977,2.9,3.2,3.7,3.6,3.3,3.6,2.3,3.1,3.1,2.9
16/06/1977,2.7,3,3.9,2.8,2.5,3,2.8,3,2.8,2.7
16/07/1977,2.6,2.8,3.8,2.8,2.6,2.6,3.1,2.7,2.6,2.6
16/08/1977,2.8,2.8,3.9,2.8,2.6,2.5,3.2,2.8,2.7,2.8
16/09/1977,3.7,3.3,4.3,3,2.6,2.7,3.2,3.2,3.2,3.7
16/10/1977,4.1,3.1,4.4,3.3,2.8,3.2,3,3.2,3.1,4.1
16/11/1977,3.1,3,4,3.7,3.4,3.7,2.4,3.1,3.1,3.1
16/12/1977,3.7,3,4.3,3.5,3.4,3.9,2.4,3.2,3.1,3.7
16/01/1978,4.4,3.5,4.5,3.7,3.7,4.1,2.7,3.7,3.6,4.4
15/02/1978,4.8,3.7,5,4.1,3.8,4.7,2.9,3.9,3.8,4.8
16/03/1978,3.8,3.4,4.5,4,3.5,4.7,2.4,3.4,3.5,3.8
16/04/1978,3.4,3.2,3.8,3.6,3.2,4.2,2.3,3.3,3.2,3.4
16/05/1978,3,3.2,3.6,3.3,3,3.5,2.4,3,3.1,3
16/06/1978,2.6,3,3.6,2.8,2.5,2.9,2.9,2.9,2.8,2.6
16/07/1978,2.6,2.8,3.5,2.7,2.4,2.4,3.2,2.8,2.5,2.6
16/08/1978,2.9,2.8,4,2.8,2.6,2.6,3.2,2.8,2.6,2.9
16/09/1978,3.8,3.1,4.4,3,2.6,2.7,3.1,3,3,3.8
16/10/1978,4.1,3.1,4.4,3.2,2.7,3,2.9,3.1,3,4.1
16/11/1978,3.4,3.1,4.2,3.5,3.2,3.7,2.4,3.2,3.1,3.4
16/12/1978,3.5,3.1,4.2,3.2,3.2,4.3,2.3,3.4,3.2,3.5
16/01/1979,4.3,3.4,4.6,3.4,3.2,4.3,2.7,3.6,3.5,4.3
15/02/1979,4.4,3.6,4.6,4.1,3.9,4.6,2.7,3.7,3.7,4.4
16/03/1979,4.4,3.6,4.6,4.3,4,4.6,2.7,3.7,3.6,4.4
16/04/1979,3.4,3.3,4,3.9,3.6,4.2,2.4,3.4,3.3,3.4
16/05/1979,2.9,3.2,3.4,3.4,3.1,3.5,2.3,3.1,3.1,2.9
16/06/1979,2.5,3,3.5,2.5,2.3,2.9,2.8,2.9,2.8,2.5
16/07/1979,2.6,2.9,3.6,2.5,2.3,2.5,3.2,2.9,2.6,2.6
16/08/1979,2.9,2.9,3.9,2.7,2.5,2.6,3.3,2.9,2.7,2.9
16/09/1979,3.8,3.4,4.2,3,2.6,3,3.4,3.3,3.3,3.8
16/10/1979,4.2,3.2,4.4,3.2,2.7,3.2,3,3.3,3.2,4.2
16/11/1979,3.6,3.1,4.4,3.3,2.8,3.7,2.5,3.2,3.1,3.6
16/12/1979,4,3.1,4.6,3.2,3.2,4.2,2.4,3.4,3.1,4
16/01/1980,4.7,3.5,4.9,3.4,3.1,4.4,2.6,3.7,3.6,4.7
15/02/1980,5,3.8,5,4,3.8,4.6,2.9,4,3.8,5
16/03/1980,4.6,3.5,4.9,4.2,3.9,4.7,2.7,3.6,3.5,4.6
16/04/1980,3.6,3.2,4.3,4,3.8,4.1,2.4,3.2,3.2,3.6
16/05/1980,2.8,2.9,3.6,3.3,3.1,3.5,2.2,2.8,2.9,2.8
16/06/1980,2.7,2.8,3.9,2.7,2.4,3,2.7,2.8,2.7,2.7
16/07/1980,2.6,2.8,3.6,2.6,2.4,2.5,3.1,2.7,2.6,2.6
16/08/1980,2.8,2.8,3.8,2.7,2.4,2.5,3.2,2.8,2.7,2.8
16/09/1980,3.8,3.2,4.4,3,2.6,2.7,3.1,3.1,3.1,3.8
16/10/1980,4.3,3.3,4.7,3.2,2.6,3.1,3,3.3,3.2,4.3
16/11/1980,3.5,3,4.3,3.4,3,3.6,2.5,3.1,3,3.5
16/12/1980,3.9,3.1,4.5,3.4,3.3,3.9,2.4,3.4,3.1,3.9
16/01/1981,4.9,3.5,5.3,3.8,3.4,4.1,2.8,3.8,3.5,4.9
15/02/1981,5,3.8,5.1,4.2,4,4.8,2.9,4,3.9,5
16/03/1981,4.3,3.2,4.7,4.4,4.1,4.8,2.5,3.3,3.3,4.3
16/04/1981,3.4,3.3,4,4.1,3.9,4.5,2.4,3.3,3.4,3.4
16/05/1981,2.9,3.1,3.4,3.5,3.3,3.4,2.3,3,3.1,2.9
16/06/1981,2.8,3.1,3.8,2.9,2.7,3,3,3.1,2.9,2.8
16/07/1981,2.5,2.8,3.6,2.6,2.4,2.4,3.1,2.7,2.5,2.5
16/08/1981,2.9,2.9,3.9,2.9,2.6,2.7,3.3,2.8,2.7,2.9
16/09/1981,3.7,3.1,4.3,3.1,2.7,2.7,3.2,3,3,3.7
16/10/1981,4.2,3.3,4.4,3.5,3,3.1,3,3.3,3.3,4.2
16/11/1981,3.8,3.3,4.7,3.8,3.4,3.7,2.8,3.4,3.3,3.8
16/12/1981,4,3.3,4.5,3.4,3.4,4.2,2.6,3.7,3.4,4
16/01/1982,4.8,3.4,5.2,4.2,3.8,4.1,2.6,3.6,3.4,4.8
15/02/1982,5.1,3.8,5.4,4.1,3.9,4.6,2.9,4,3.8,5.1
16/03/1982,4.9,3.7,5.2,4.3,3.9,4.7,2.8,3.8,3.7,4.9
16/04/1982,3.4,3.2,4,4,3.7,4.3,2.4,3.3,3.3,3.4
16/05/1982,2.8,3.1,3.5,3.4,3.1,3.5,2.3,3,3,2.8
16/06/1982,2.7,3,3.7,2.8,2.5,2.9,2.8,2.9,2.8,2.7
16/07/1982,2.6,2.9,3.6,2.6,2.4,2.6,3.2,2.8,2.6,2.6
16/08/1982,2.8,2.9,3.8,2.8,2.6,2.4,3.3,2.8,2.7,2.8
16/09/1982,3.7,3.3,4.1,3.3,2.8,2.7,3.2,3.2,3.2,3.7
16/10/1982,3.7,3,3.8,3.4,2.9,3,2.8,3,2.9,3.7
16/11/1982,3.3,3,4.2,3.6,3.2,3.6,2.4,3.1,3.1,3.3
16/12/1982,3.8,3.1,4.5,3.4,3.4,4.2,2.4,3.4,3.2,3.8
16/01/1983,4.6,3.3,5,4.4,3.9,3.5,2.6,3.6,3.3,4.6
15/02/1983,5,3.8,5.2,4.6,4.4,4.8,3,4,3.8,5
16/03/1983,4.7,3.6,5,4.8,4.7,4.9,2.7,3.8,3.5,4.7
16/04/1983,3.6,3.1,4.2,4.3,4.1,4.5,2.4,3.2,3.1,3.6
16/05/1983,2.9,3.1,3.5,3.6,3.4,3.8,2.4,3,3,2.9
16/06/1983,2.6,2.9,3.8,2.8,2.4,2.9,2.9,2.9,2.7,2.6
16/07/1983,2.6,2.8,3.6,2.7,2.6,2.5,3.1,2.7,2.5,2.6
16/08/1983,2.8,2.7,3.9,2.8,2.6,2.5,3.1,2.6,2.5,2.8
16/09/1983,3.7,3.1,4.3,3.1,2.7,2.7,3.1,2.9,3,3.7
16/10/1983,4.1,2.9,4.7,3.6,3.1,3.2,2.7,2.9,2.8,4.1
16/11/1983,3.8,3.1,4.7,3.7,3.3,3.9,2.6,3.2,3.1,3.8
16/12/1983,3.8,3,4.6,3.1,2.9,4,2.4,3.4,3,3.8
16/01/1984,4.4,3.4,4.7,3.9,3.6,4.3,2.5,3.7,3.5,4.4
15/02/1984,5.1,3.8,5.1,4.6,4.4,4.6,2.9,4.1,3.9,5.1
16/03/1984,4.8,3.7,4.9,4.4,3.9,4.7,2.8,3.9,3.7,4.8
16/04/1984,3.6,3.3,3.9,4,3.6,4.1,2.4,3.3,3.4,3.6
16/05/1984,3.2,3.3,3.6,3.5,3.2,3.5,2.6,3.2,3.2,3.2
16/06/1984,2.7,3.1,3.5,2.9,2.6,2.9,2.9,3.1,2.9,2.7
16/07/1984,2.5,3,3.5,2.9,2.7,2.7,3.1,2.9,2.7,2.5
16/08/1984,2.8,3,3.7,3.1,2.8,2.8,3.3,2.9,2.8,2.8
16/09/1984,3.9,3.4,4.4,3.2,2.8,2.7,3.4,3.3,3.3,3.9
16/10/1984,4,3.5,4,3.5,3,3.2,3.1,3.6,3.5,4
16/11/1984,3.3,3.2,4,3.6,3.2,3.7,2.6,3.3,3.3,3.3
16/12/1984,3.9,3.3,4.3,3.5,3.4,3.9,2.6,3.5,3.3,3.9
16/01/1985,4.7,3.5,4.9,3.8,3.3,4,2.8,3.7,3.5,4.7
15/02/1985,4.4,3.6,4.5,4.6,4.4,4.5,2.6,3.8,3.7,4.4
16/03/1985,4.4,3.5,4.6,4.3,3.9,4.7,2.6,3.7,3.5,4.4
16/04/1985,3.3,3,4,4,3.7,3.9,2.2,3,3,3.3
16/05/1985,2.8,3.1,3.5,3.4,3.1,3.3,2.4,3,3,2.8
16/06/1985,2.6,3,3.7,2.9,2.6,2.9,2.9,3,2.8,2.6
16/07/1985,2.6,2.9,3.5,2.7,2.6,2.5,3.2,2.9,2.7,2.6
16/08/1985,2.8,3,3.8,2.9,2.7,2.7,3.3,2.9,2.8,2.8
16/09/1985,3.6,3.1,4.1,3.1,2.8,2.7,3.1,3,3,3.6
16/10/1985,4.1,3.2,4.3,3.5,3.2,3.2,2.9,3.3,3.2,4.1
16/11/1985,3.5,3.2,4.2,3.6,3.1,3.7,2.6,3.3,3.2,3.5
16/12/1985,4,3.1,4.5,3.6,3.5,3.4,2.4,3.4,3.2,4
16/01/1986,4.5,3.6,4.7,3.8,3.5,4.2,2.7,3.9,3.7,4.5
15/02/1986,5.2,3.6,5.3,4.3,3.9,4.7,2.8,3.8,3.7,5.2
16/03/1986,4.4,3.4,4.7,4.1,3.6,4.6,2.5,3.6,3.4,4.4
16/04/1986,3.3,3.2,3.8,4.1,3.7,4.4,2.3,3.2,3.3,3.3
16/05/1986,2.8,3.2,3.3,3.7,3.5,3.5,2.3,3.2,3.2,2.8
16/06/1986,2.5,3,3.6,2.9,2.6,3,2.9,2.9,2.8,2.5
16/07/1986,2.7,2.9,3.7,2.5,2.3,2.4,3.3,2.8,2.6,2.7
16/08/1986,3.1,3.2,4.1,2.8,2.5,2.6,3.5,3.1,3,3.1
16/09/1986,3.8,3.2,4.4,3,2.6,2.6,3.2,3.1,3.1,3.8
16/10/1986,4.2,3.2,4.5,3.4,2.9,3.3,2.9,3.3,3.2,4.2
16/11/1986,3.4,3.2,4.2,3.4,3,3.8,2.6,3.3,3.2,3.4
16/12/1986,3.6,3.1,4.4,3.6,3.6,4,2.4,3.4,3.2,3.6
16/01/1987,4.5,3.5,4.8,3.7,3.3,4.4,2.6,3.8,3.6,4.5
15/02/1987,4.9,3.8,5.1,4.2,3.9,4.7,2.9,4,3.9,4.9
16/03/1987,4.6,3.6,5.1,4.3,4,4.6,2.7,3.8,3.7,4.6
16/04/1987,3.7,3.5,4.4,4.4,4.3,4.3,2.5,3.5,3.6,3.7
16/05/1987,2.9,3.1,3.6,3.8,3.6,3.8,2.3,3.1,3.1,2.9
16/06/1987,2.6,3,3.7,3.1,2.8,3.1,2.8,2.9,2.8,2.6
16/07/1987,2.8,3.2,3.7,2.9,2.8,2.7,3.4,3.1,2.9,2.8
16/08/1987,2.9,3.3,3.8,2.9,2.7,2.5,3.6,3.2,3.1,2.9
16/09/1987,4,3.6,4.5,3.1,2.7,2.7,3.4,3.5,3.5,4
16/10/1987,4.4,3.3,4.5,3.4,3,3.2,3.1,3.4,3.3,4.4
16/11/1987,3.6,3.3,4.5,3.9,3.5,3.9,2.8,3.4,3.4,3.6
16/12/1987,4.4,3.6,5,3.6,3.5,4.1,2.9,3.8,3.6,4.4
16/01/1988,4.5,3.6,5,4,3.5,3.9,2.7,3.8,3.6,4.5
15/02/1988,5,3.9,5.3,4.3,4,4.6,3.2,4.1,4,5
16/03/1988,4.4,3.7,4.9,4.2,3.8,4.8,2.8,3.8,3.8,4.4
16/04/1988,3.4,3.4,4.1,4,3.7,4.2,2.6,3.4,3.4,3.4
16/05/1988,3,3.4,3.8,3.6,3.3,3.6,2.6,3.2,3.3,3
16/06/1988,2.7,3.2,3.6,2.9,2.6,2.9,3.1,3.2,3,2.7
16/07/1988,2.5,2.8,3.7,2.7,2.5,2.5,3.1,2.8,2.6,2.5
16/08/1988,2.9,2.9,3.9,2.9,2.6,2.4,3.3,2.8,2.7,2.9
16/09/1988,3.6,3.2,4.2,3,2.7,2.5,3.2,3,3.1,3.6
16/10/1988,4.2,3.2,4.6,3.5,3.1,3.2,3,3.2,3.1,4.2
16/11/1988,3.5,3.2,4.2,3.7,3.3,3.9,2.6,3.3,3.2,3.5
16/12/1988,3.9,3.3,4.5,3.4,3.2,3.7,2.6,3.6,3.3,3.9
16/01/1989,4.1,3.3,4.4,4.1,4.1,3.9,2.5,3.5,3.4,4.1
15/02/1989,4.8,3.6,5,4.6,4.5,4.5,2.7,3.8,3.7,4.8
16/03/1989,4.4,3.5,4.6,4.3,3.9,4.9,2.7,3.6,3.5,4.4
16/04/1989,3.3,3.2,3.8,4,3.7,4.4,2.4,3.3,3.3,3.3
16/05/1989,2.9,3.1,3.3,3.6,3.3,3.4,2.3,3,3,2.9
16/06/1989,2.6,3.1,3.5,2.9,2.5,3.1,2.9,3.1,2.9,2.6
16/07/1989,2.6,2.9,3.6,2.6,2.5,2.6,3.3,2.8,2.6,2.6
16/08/1989,2.8,2.9,3.6,2.9,2.7,2.6,3.4,2.9,2.7,2.8
16/09/1989,3.6,3.2,4.1,3.1,2.7,2.6,3.3,3.1,3.1,3.6
16/10/1989,4,3.2,4.2,3.4,3,3.1,3.1,3.2,3.2,4
16/11/1989,3.5,3.2,4.2,3.8,3.5,3.8,2.7,3.3,3.3,3.5
16/12/1989,3.7,3,4.3,3.4,3.3,4,2.3,3.2,3.1,3.7
16/01/1990,4.5,3.5,4.7,3.6,3.2,4,2.7,3.7,3.5,4.5
15/02/1990,4.6,3.5,4.9,4.5,4.2,4.5,2.7,3.7,3.6,4.6
16/03/1990,3.8,3.5,4.4,4.9,4.8,4.8,2.5,3.6,3.6,3.8
16/04/1990,3.3,3.3,3.9,4,3.7,4.4,2.4,3.3,3.3,3.3
16/05/1990,3,3.3,3.7,3.5,3.3,3.5,2.5,3.2,3.3,3
16/06/1990,2.8,3.2,3.8,3,2.7,3.1,3.1,3.2,3,2.8
16/07/1990,2.7,3,3.8,2.6,2.4,2.7,3.4,2.9,2.7,2.7
16/08/1990,2.8,3,3.8,3,2.7,2.7,3.4,2.9,2.8,2.8
16/09/1990,3.7,3.2,4.1,3.1,2.7,2.8,3.2,3.1,3.1,3.7
16/10/1990,4.1,3.2,4.3,3.5,3,3.2,3,3.2,3.2,4.1
16/11/1990,3.3,3.3,4.1,3.6,3.1,3.6,2.7,3.4,3.3,3.3
16/12/1990,3.8,3.2,4.4,3.3,3,3.9,2.5,3.4,3.2,3.8
16/01/1991,4.7,3.4,5,3.7,3.4,4.1,2.6,3.6,3.4,4.7
15/02/1991,5.1,3.8,5,3.7,3.5,4.9,3,4,3.9,5.1
16/03/1991,4.6,3.6,4.8,4,3.7,4.7,2.8,3.7,3.6,4.6
16/04/1991,3.7,3.3,4.3,3.6,3.3,4.2,2.6,3.4,3.4,3.7
16/05/1991,2.9,3.1,3.4,3.3,3,3.3,2.4,3,3,2.9
16/06/1991,2.7,3.1,3.8,2.8,2.5,3.1,3.1,3,2.8,2.7
16/07/1991,2.5,2.8,3.5,2.5,2.3,2.6,3.2,2.7,2.5,2.5
16/08/1991,2.9,2.9,3.8,2.5,2.3,2.5,3.4,2.8,2.7,2.9
16/09/1991,3.8,3.2,4.3,2.9,2.5,2.8,3.3,3.1,3.1,3.8
16/10/1991,4.3,3.1,4.6,3.1,2.6,3.2,2.8,3.1,3,4.3
16/11/1991,3.5,3.2,4.4,3.4,3,3.7,2.6,3.2,3.1,3.5
16/12/1991,3.8,3.2,4.3,3.3,3.2,4,2.6,3.5,3.3,3.8
16/01/1992,4.7,3.7,4.9,3.9,3.7,4,2.9,3.9,3.7,4.7
15/02/1992,4.9,3.7,5,4.5,4.4,4.6,2.8,4,3.8,4.9
16/03/1992,4.7,3.7,5,4.4,4.1,4.7,2.9,3.9,3.7,4.7
16/04/1992,3.4,3.3,3.9,4,3.8,4.2,2.5,3.4,3.3,3.4
16/05/1992,2.9,3.2,3.5,3.4,3.1,3.5,2.4,3.1,3.1,2.9
16/06/1992,2.5,2.9,3.5,2.7,2.4,3,2.8,2.8,2.7,2.5
16/07/1992,2.4,2.9,3.4,2.4,2.2,2.5,3.1,2.8,2.6,2.4
16/08/1992,2.7,2.8,3.8,2.7,2.4,2.5,3.1,2.7,2.6,2.7
16/09/1992,3.6,3.1,4.2,2.9,2.4,2.7,3.1,3,3,3.6
16/10/1992,4.1,3,4.4,3.3,2.8,3.2,2.7,3,3,4.1
16/11/1992,3.5,3.2,4.3,3.6,3.1,3.6,2.6,3.3,3.2,3.5
16/12/1992,3.8,3.2,4.4,3.5,3.5,4,2.5,3.5,3.3,3.8
16/01/1993,4.1,3.5,4.5,4.1,3.8,4,2.6,3.7,3.6,4.1
15/02/1993,4.8,3.7,5,4.1,4,4.7,2.8,3.9,3.9,4.8
16/03/1993,4.5,3.6,4.8,4.1,3.8,4.7,2.7,3.8,3.7,4.5
16/04/1993,3.7,3.4,4.2,4,3.8,4.3,2.7,3.5,3.4,3.7
16/05/1993,3.1,3.2,3.8,3.5,3.2,3.6,2.4,3.1,3.1,3.1
16/06/1993,2.5,3.2,3.6,2.8,2.5,3.1,2.9,3.2,3,2.5
16/07/1993,2.6,3,3.6,2.6,2.4,2.7,3.2,2.9,2.8,2.6
16/08/1993,2.9,3.2,3.9,2.7,2.5,2.6,3.4,3.1,2.9,2.9
16/09/1993,3.8,3.2,4.4,3,2.6,2.7,3.2,3.1,3.1,3.8
16/10/1993,4.1,3.2,4.2,3.3,2.9,3.2,3,3.3,3.2,4.1
16/11/1993,3.9,3.7,4.6,3.3,2.9,3.8,3,3.8,3.7,3.9
16/12/1993,4.1,3.2,4.8,3.3,3.2,3.9,2.6,3.5,3.3,4.1
16/01/1994,4.7,3.5,5,3.6,3.3,4.2,2.6,3.6,3.6,4.7
15/02/1994,4.9,3.7,5,4.2,3.9,4.6,2.9,3.9,3.8,4.9
16/03/1994,4.4,3.3,4.8,4.1,4,5,2.5,3.4,3.4,4.4
16/04/1994,3.6,3.2,4.1,3.7,3.5,4.2,2.5,3.2,3.3,3.6
16/05/1994,2.9,3.2,3.5,3.4,3.1,3.6,2.4,3.1,3.2,2.9
16/06/1994,2.7,3,3.9,2.7,2.4,3,2.9,3,2.9,2.7
16/07/1994,2.5,2.8,3.5,2.5,2.3,2.5,3,2.7,2.5,2.5
16/08/1994,2.8,2.9,4,2.6,2.4,2.4,3.5,2.9,2.7,2.8
16/09/1994,3.7,3.4,4.2,2.8,2.5,2.6,3.4,3.3,3.2,3.7
16/10/1994,4.1,3.3,4.3,3.2,2.7,3.2,3,3.4,3.2,4.1
16/11/1994,3.3,3.1,4.2,3.6,3.3,3.8,2.5,3.2,3.1,3.3
16/12/1994,3.6,3.2,4.4,3.7,3.7,4,2.5,3.5,3.3,3.6
16/01/1995,4.6,3.6,4.7,3.9,3.7,4.1,2.7,3.8,3.6,4.6
15/02/1995,4.8,3.8,5,4.5,4.3,4.6,2.9,4,3.9,4.8
16/03/1995,4.2,3.6,4.7,3.9,3.7,4.9,2.7,3.7,3.6,4.2
16/04/1995,3.6,3.4,3.9,3.9,3.5,4.3,2.6,3.5,3.5,3.6
16/05/1995,2.8,3.2,3.4,3.5,3.2,3.7,2.4,3,3.1,2.8
16/06/1995,2.7,2.9,3.9,2.8,2.5,3.1,2.8,2.9,2.7,2.7
16/07/1995,2.5,2.8,3.7,2.5,2.3,2.6,3.1,2.6,2.5,2.5
16/08/1995,2.9,3.1,3.8,2.6,2.4,2.6,3.5,3,2.9,2.9
16/09/1995,3.7,3.2,4.2,2.9,2.5,2.8,3.2,3.1,3.1,3.7
16/10/1995,4,3.2,4.3,3.2,2.7,3,3.1,3.2,3.1,4
16/11/1995,3.6,3.3,4.4,3.6,3.3,3.7,2.7,3.4,3.3,3.6
16/12/1995,4.2,3.2,4.9,3.4,3.2,4.2,2.7,3.5,3.2,4.2
16/01/1996,4.7,3.5,4.9,3.9,3.5,4.4,2.8,3.7,3.5,4.7
15/02/1996,4.7,3.7,4.9,4.3,3.9,4.8,2.9,3.9,3.8,4.7
16/03/1996,4.5,3.5,4.8,4.3,4,4.9,2.7,3.7,3.5,4.5
16/04/1996,3.3,3.1,3.9,4,3.6,4.2,2.4,3.2,3.3,3.3
16/05/1996,2.8,3.2,3.5,3.2,3,3.6,2.6,3.1,3.1,2.8
16/06/1996,2.7,3,3.7,2.7,2.5,3,2.9,2.9,2.8,2.7
16/07/1996,2.6,2.8,3.6,2.7,2.4,2.7,3.2,2.7,2.5,2.6
16/08/1996,3,3,4,2.5,2.3,2.6,3.5,2.9,2.8,3
16/09/1996,3.7,3.2,4.3,2.8,2.2,2.7,3.2,3.1,3,3.7
16/10/1996,4.1,3.2,4.2,3.3,2.8,3.2,3,3.2,3.1,4.1
16/11/1996,3.6,3.2,4.4,3.7,3.4,3.7,2.7,3.2,3.2,3.6
16/12/1996,4.2,3.2,4.9,3.7,3.2,4,2.6,3.4,3.3,4.2
16/01/1997,4.8,3.5,5.1,3.9,3.4,4.4,2.7,3.8,3.6,4.8
15/02/1997,5.1,3.7,5.2,4.9,4.3,4.6,2.9,3.9,3.8,5.1
16/03/1997,4.4,3.7,4.6,4.1,3.8,4.7,2.8,3.9,3.8,4.4
16/04/1997,2.9,3.2,3.7,3.7,3.4,4.2,2.3,3.2,3.3,2.9
16/05/1997,2.7,2.9,3.5,3.3,3,3.5,2.2,2.9,2.9,2.7
16/06/1997,2.5,3.1,3.5,2.6,2.2,3.1,3,3.1,2.9,2.5
16/07/1997,2.5,2.8,3.5,2.4,2.3,2.7,3.2,2.7,2.5,2.5
16/08/1997,2.8,3,3.8,2.5,2.4,2.7,3.4,2.9,2.8,2.8
16/09/1997,3.9,3.4,4.4,3.3,2.7,2.9,3.6,3.3,3.2,3.9
16/10/1997,3.6,3.2,3.3,3.2,2.8,3.4,3,3.2,3.1,3.6
16/11/1997,3.2,3.2,4,3.4,2.9,3.9,2.6,3.3,3.2,3.2
16/12/1997,3.8,3,4.4,3.6,3.1,4.2,2.3,3.3,3.1,3.8
16/01/1998,4.3,3.5,4.7,3.8,3.5,4.3,2.6,3.8,3.6,4.3
15/02/1998,4.3,3.8,4.7,4.5,4.2,4.8,2.9,3.9,3.9,4.3
16/03/1998,4.4,3.8,4.9,4.7,4.5,4.7,2.8,3.9,3.8,4.4
16/04/1998,3.2,3.2,3.9,4.2,3.9,4.3,2.3,3.3,3.3,3.2
16/05/1998,2.8,3,3.6,3.6,3.4,3.6,2.3,2.9,3,2.8
16/06/1998,2.7,3.2,3.7,3.1,2.7,3,3.2,3.2,3,2.7
16/07/1998,2.6,2.8,3.7,2.4,2.2,2.5,3.3,2.7,2.5,2.6
16/08/1998,2.7,3,3.8,2.8,2.6,2.5,3.4,2.8,2.7,2.7
16/09/1998,3.6,3.2,4.1,3,2.5,2.5,3.3,3,3,3.6
16/10/1998,4.4,3.2,4.9,3.3,2.8,3.2,3,3.2,3.1,4.4
16/11/1998,3.6,3.2,4.4,3.7,3.3,3.8,2.7,3.3,3.2,3.6
16/12/1998,4,3.3,4.7,3.3,3.1,4.2,2.5,3.6,3.4,4
16/01/1999,4.6,3.5,5,3.8,3.4,4.3,2.7,3.7,3.5,4.6
15/02/1999,5.2,4,5.3,4.4,4.1,4.8,3,4.2,4,5.2
16/03/1999,4.1,3.3,4.7,4.2,3.8,5,2.4,3.6,3.5,4.1
16/04/1999,3.1,3.3,3.8,3.8,3.4,4.1,2.5,3.3,3.3,3.1
16/05/1999,2.9,3.3,3.6,3.6,3.3,3.4,2.7,3.2,3.1,2.9
16/06/1999,2.7,3.3,3.7,3,2.6,3,3.2,3.2,3,2.7
16/07/1999,2.6,3,3.5,2.3,2.2,2.5,3.4,2.9,2.6,2.6
16/08/1999,2.7,2.7,3.8,2.8,2.7,2.4,3.1,2.6,2.5,2.7
16/09/1999,3.7,3.2,4.3,2.8,2.4,2.5,3.3,3.1,3,3.7
16/10/1999,4.2,3.2,4.6,3,2.5,3.2,3.2,3.1,3.1,4.2
16/11/1999,3.4,3.2,4.3,3.5,3.2,3.8,2.6,3.2,3.2,3.4
16/12/1999,3.9,3.1,4.6,3.6,3.3,4.1,2.5,3.4,3.2,3.9
16/01/2000,4.7,3.5,4.9,4,3.7,4.4,2.7,3.7,3.6,4.7
15/02/2000,5.2,3.8,5.3,4.6,4.4,4.5,3,3.9,3.9,5.2
16/03/2000,4.5,3.6,4.7,4.7,4.4,4.8,2.7,3.7,3.6,4.5
16/04/2000,3.5,3.4,4.1,4.2,3.9,4.4,2.6,3.4,3.4,3.5
16/05/2000,3.1,3.3,3.9,3.8,3.4,3.6,2.7,3.3,3.2,3.1
16/06/2000,2.6,3.2,3.7,2.9,2.6,3.1,3,3.1,3,2.6
16/07/2000,2.8,3.4,3.9,2.6,2.4,2.5,3.6,3.3,2.9,2.8
16/08/2000,3,3.1,4,2.7,2.4,2.7,3.6,3.1,2.9,3
16/09/2000,3.7,3.2,4.3,3.1,2.6,2.6,3.2,3,3.1,3.7
16/10/2000,4.2,3.1,4.5,3.4,2.9,3.2,3,3.1,3.1,4.2
16/11/2000,3.6,3.3,4.4,3.8,3.3,3.8,2.7,3.5,3.3,3.6
16/12/2000,3.7,3.1,4.5,3.7,3.4,4.1,2.4,3.4,3.2,3.7
16/01/2001,4.4,3.7,4.7,4.1,3.5,4.3,2.7,3.9,3.7,4.4
15/02/2001,4.8,3.9,5.1,4.7,4.4,4.6,3.1,4.1,4.1,4.8
16/03/2001,4.6,3.7,4.9,4.6,4.3,4.8,2.9,3.9,3.7,4.6
16/04/2001,3.3,3.4,3.8,4.1,3.8,4.3,2.6,3.4,3.5,3.3
16/05/2001,2.9,3.3,3.6,3.5,3.3,3.6,2.6,3.2,3.3,2.9
16/06/2001,2.6,3.2,3.5,2.9,2.6,3,3,3.1,3,2.6
16/07/2001,2.6,2.9,3.6,2.4,2.5,2.6,3.1,2.8,2.6,2.6
16/08/2001,3,3,4.1,2.4,2.3,2.6,3.5,2.9,2.8,3
16/09/2001,3.9,3.2,4.4,3,2.6,2.7,3.3,3.1,3.1,3.9
16/10/2001,4.3,3.3,4.5,3.6,3,3.1,3.1,3.3,3.3,4.3
16/11/2001,3.6,3.3,4.3,3.8,3.2,3.8,2.7,3.4,3.3,3.6
16/12/2001,4.1,3.1,4.7,3.8,3.4,4.2,2.4,3.4,3.2,4.1
16/01/2002,4.4,3.6,4.7,3.5,3.2,4,2.6,3.8,3.7,4.4
15/02/2002,4.6,4,4.7,4.5,4.2,4.7,3.1,4.1,4.1,4.6
16/03/2002,4.2,3.7,4.7,4.4,4.1,4.9,2.8,3.9,3.7,4.2
16/04/2002,3,3.4,3.7,3.9,3.6,4.4,2.5,3.5,3.5,3
16/05/2002,3,3.4,3.8,3.7,3.4,3.7,2.5,3.3,3.3,3
16/06/2002,2.7,3.2,3.8,3,2.7,3,3.1,3.1,3,2.7
16/07/2002,2.7,3.1,3.7,2.5,2.4,2.7,3.4,3,2.8,2.7
16/08/2002,2.9,3.1,3.7,2.8,2.7,2.7,3.6,3.1,2.9,2.9
16/09/2002,3.8,3.5,4.2,3.2,2.7,2.7,3.5,3.4,3.4,3.8
16/10/2002,4.2,3.3,4.6,3.2,2.7,3.1,3.1,3.3,3.2,4.2
16/11/2002,3.5,3.3,4.4,3.6,3.1,3.8,2.7,3.3,3.3,3.5
16/12/2002,3.9,3.3,4.6,3.8,3.4,4.1,2.6,3.6,3.4,3.9
16/01/2003,4.9,3.6,5,3.8,3.6,4.2,2.8,3.9,3.7,4.9
15/02/2003,5.6,3.8,5.5,4.2,3.9,4.8,3.3,4,3.9,5.6
16/03/2003,5,3.7,5.2,4.6,4.3,4.7,3,3.9,3.8,5
16/04/2003,3.9,3.4,4.8,3.8,3.6,4.3,2.7,3.5,3.5,3.9
16/05/2003,2.5,3.3,3.6,3.7,3.5,3.5,2.5,3.3,3.3,2.5
16/06/2003,2.6,3.2,3.6,2.6,2.2,2.9,3,3.1,2.9,2.6
16/07/2003,2.5,3.1,3.2,2.8,2.7,2.6,3.3,3.1,2.8,2.5
16/08/2003,3,2.9,4.1,2.9,2.6,2.6,3.5,2.8,2.7,3
16/09/2003,3.7,3.2,4.3,3.1,2.7,2.7,3.4,3,3.1,3.7
16/10/2003,4.2,3.2,4.5,3.5,3,3.2,3.1,3.2,3.2,4.2
16/11/2003,4.1,3.3,4.6,3.6,3.2,3.8,2.9,3.4,3.3,4.1
16/12/2003,4.3,3.6,4.8,3.5,3.4,4.1,2.8,4,3.7,4.3
16/01/2004,4.6,3.7,4.9,3.6,3.3,4.2,2.9,3.9,3.7,4.6
15/02/2004,4.7,4.1,4.7,4.1,3.7,4.7,3,4.4,4.1,4.7
16/03/2004,4.2,3.6,4.6,4.2,4,4.7,2.7,3.7,3.7,4.2
16/04/2004,3.2,3.2,3.8,3.8,3.5,4.3,2.4,3.3,3.3,3.2
16/05/2004,3.1,3.3,3.9,3.1,2.7,3.6,2.6,3.2,3.3,3.1
16/06/2004,2.6,3.2,3.4,2.7,2.2,3,3.1,3.1,3,2.6
16/07/2004,2.8,3.1,3.7,2.8,2.6,2.6,3.5,3.1,2.8,2.8
16/08/2004,3,3.1,3.8,2.7,2.5,2.7,3.6,3.1,2.9,3
16/09/2004,3.6,3.3,4,3.1,2.8,2.8,3.2,3.2,3.2,3.6
16/10/2004,3.7,3.3,3.7,3.3,2.8,3.2,3,3.3,3.3,3.7
16/11/2004,3.4,3.3,4.1,3.5,3.1,3.8,2.5,3.4,3.3,3.4
16/12/2004,3.7,3.3,4.2,3.4,3.3,4.1,2.4,3.6,3.4,3.7
16/01/2005,4.5,3.5,4.8,3.6,3.2,4.1,2.5,3.8,3.6,4.5
15/02/2005,5.4,4.2,5,3.9,3.7,4.9,3.2,4.5,4.3,5.4
16/03/2005,4.7,3.7,4.8,4.2,3.9,4.8,2.8,3.8,3.8,4.7
16/04/2005,3.7,3.7,4.2,4.1,3.8,4.2,2.6,3.8,3.7,3.7
16/05/2005,2.9,3.2,3.4,3.5,3.2,3.4,2.4,3.1,3.2,2.9
16/06/2005,2.5,3.2,3.5,2.6,2.2,2.8,3,3.1,3,2.5
16/07/2005,2.4,3,3.4,2.6,2.4,2.5,3.3,2.9,2.7,2.4
16/08/2005,2.8,3,3.7,2.8,2.5,2.4,3.4,3,2.8,2.8
16/09/2005,3.7,3.4,4.3,3.1,2.7,2.7,3.3,3.3,3.3,3.7
16/10/2005,4.1,3.2,4.3,3.4,2.9,3.1,3.2,3.3,3.2,4.1
16/11/2005,4.1,3.4,4.5,3.9,3.5,3.7,2.9,3.5,3.4,4.1
16/12/2005,4.5,3.7,4.7,3.5,3.5,4.2,3,4.1,3.8,4.5
16/01/2006,4.9,3.7,5.3,3.5,3.4,4.2,3,4,3.8,4.9
15/02/2006,5.4,4,5.4,3.9,3.7,4.8,3.3,4.3,4.2,5.4
16/03/2006,4.3,3.7,4.6,4.3,3.9,4.8,2.8,3.8,3.7,4.3
16/04/2006,3.4,3.4,3.8,4.4,4.3,4.2,2.5,3.5,3.5,3.4
16/05/2006,2.9,3.2,3.7,3.3,2.9,3.5,2.3,3.1,3.1,2.9
16/06/2006,2.7,3.1,3.6,3.2,2.8,3.1,3.1,3.1,2.9,2.7
16/07/2006,2.6,3.1,3.5,2.9,2.7,2.7,3.4,3,2.8,2.6
16/08/2006,2.9,2.8,4,2.7,2.4,2.6,3.3,2.8,2.8,2.9
16/09/2006,3.4,3.2,3.9,2.9,2.5,2.6,3.3,3.1,3.1,3.4
16/10/2006,4.1,3.3,4.3,3.3,2.7,3.2,3.3,3.4,3.3,4.1
16/11/2006,3.1,3.2,3.7,3.8,3.5,3.6,2.7,3.3,3.3,3.1
16/12/2006,3.3,3.2,3.9,3.5,3.4,3.9,2.2,3.5,3.4,3.3
16/01/2007,4.4,3.6,4.5,3.9,3.3,4.1,2.8,3.8,3.7,4.4
15/02/2007,4.9,3.9,4.8,4.2,3.9,4.7,3,4.2,4.1,4.9
16/03/2007,4.4,3.9,4.5,4.5,4.2,4.7,3,4,4,4.4
16/04/2007,3.6,3.4,4.1,4,3.6,4.3,2.7,3.5,3.5,3.6
16/05/2007,3,3.4,3.6,3.4,2.9,3.6,2.7,3.4,3.4,3
16/06/2007,2.7,3,3.7,2.7,2.3,3,2.8,3,2.9,2.7
16/07/2007,2.7,2.5,3.6,2.8,2.5,2.6,2.8,2.6,2.5,2.7
16/08/2007,2.9,3,3.9,2.7,2.5,2.6,3.4,2.9,2.8,2.9
16/09/2007,3.8,3.3,4.5,3.1,2.7,2.7,3.3,3.2,3.1,3.8
16/10/2007,4.4,3.3,4.5,3.3,2.8,3.2,3.2,3.4,3.2,4.4
16/11/2007,3.6,3.2,4.4,3.4,2.9,3.8,2.6,3.4,3.3,3.6
16/12/2007,3.9,3.4,4.5,3.3,3.2,4.1,2.7,3.7,3.6,3.9
16/01/2008,4.8,3.8,4.9,3.6,3.4,4,2.9,4.1,3.9,4.8
15/02/2008,4.8,3.9,4.5,3.6,3.5,4.6,3.1,4.1,4.1,4.8
16/03/2008,4.1,3.7,4.7,4.3,4,4.8,2.8,3.8,3.8,4.1
16/04/2008,3.5,3.2,3.9,4,3.6,4.2,2.6,3.2,3.3,3.5
16/05/2008,3,3.2,3.7,3.3,3,3.5,2.6,3.1,3.2,3
16/06/2008,2.5,3.1,3.6,2.8,2.4,3.1,2.9,3,2.9,2.5
16/07/2008,2.7,3.1,3.6,2.7,2.4,2.6,3.5,3,2.8,2.7
16/08/2008,3,3,4.1,2.8,2.5,2.7,3.6,2.9,2.8,3
16/09/2008,4.1,3.3,4.7,2.8,2.4,2.8,3.5,3.2,3.2,4.1
16/10/2008,4.1,3.2,4.4,3.3,2.9,3.2,3,3.2,3.1,4.1
16/11/2008,3.5,3.3,4.1,3.7,3.3,3.9,2.7,3.4,3.3,3.5
16/12/2008,4.2,3.1,4.7,3.4,3.3,4.1,2.5,3.4,3.2,4.2
16/01/2009,4.8,3.7,5.1,3.8,3.5,4.2,2.9,3.9,3.8,4.8
15/02/2009,4.8,3.9,4.8,3.9,3.7,4.8,3.1,4.1,4,4.8
16/03/2009,4.9,3.7,5,4.1,3.8,4.8,2.9,3.8,3.7,4.9
16/04/2009,3.8,3.4,4.1,3.9,3.6,4.3,2.6,3.4,3.4,3.8
16/05/2009,3.1,3.3,3.8,3.6,3.3,3.4,2.6,3.2,3.3,3.1
16/06/2009,2.7,3.1,3.9,2.8,2.5,3,3.1,3,2.9,2.7
16/07/2009,2.8,3.2,3.7,2.8,2.6,2.8,3.5,3.1,2.8,2.8
16/08/2009,3,3.1,4.1,2.6,2.4,2.7,3.7,3,2.9,3
16/09/2009,3.9,3.4,4.6,3.1,2.7,2.8,3.5,3.3,3.3,3.9
16/10/2009,4.1,3.4,4.3,3.1,2.6,3,3.1,3.4,3.3,4.1
16/11/2009,3.6,3.3,4.2,3.7,3.3,3.7,2.8,3.3,3.3,3.6
16/12/2009,4.3,3.4,4.9,3.6,3.6,4.2,2.8,3.8,3.6,4.3
16/01/2010,4.6,3.5,4.9,4,3.8,4.4,2.8,3.7,3.6,4.6
15/02/2010,4.7,3.7,5,4.5,4.3,4.8,2.9,3.9,3.8,4.7
16/03/2010,4.4,3.7,4.7,4.1,3.5,4.8,2.9,3.9,3.7,4.4
16/04/2010,3.8,3.4,4.2,4.2,3.9,4.6,2.8,3.5,3.5,3.8
16/05/2010,2.8,3.3,3.7,3.3,3.1,3.7,2.6,3.2,3.2,2.8
16/06/2010,2.6,3.1,3.7,2.8,2.4,3.2,3.1,3.1,2.9,2.6
16/07/2010,2.6,3,3.6,2.9,2.7,2.6,3.4,3,2.7,2.6
16/08/2010,2.9,3,4,2.8,2.5,2.6,3.6,2.9,2.8,2.9
16/09/2010,3.6,3.3,4.1,2.8,2.5,2.6,3.4,3.2,3.3,3.6
16/10/2010,4.2,3.3,4.5,3.2,2.6,2.9,3.3,3.3,3.3,4.2
16/11/2010,3.7,3.3,4.4,3.7,3.3,3.7,2.8,3.4,3.4,3.7
16/12/2010,4.5,3.4,4.9,3.6,3.5,4.1,2.8,3.7,3.5,4.5
