Field_ID,Year,Quality,Yield
MH2O0YH,2019,3,3.6860000000000004
O9TURWL,2019,2,5.657
35AFSDD,2019,3,3.082
PM05EG9,2019,2,2.707
V7PZBCG,2019,2,2.679
003GQB5,2019,3,4.317
WFQGA56,2019,2,2.9989999999999997
O6JVV7K,2019,2,4.199
A6H2141,2019,3,3.505
MHDYMRX,2019,3,5.039
HLITY46,2019,1,2.52
1YFQH0G,2019,3,3.1719999999999997
ISS6LTN,2019,2,2.353
MIH9S00,2019,2,2.957
JK09XZW,2019,2,3.2689999999999997
881GIR9,2019,2,3.117
RBBNFVL,2019,2,2.79
R9SP9WA,2019,2,4.859
D1SPF9C,2019,2,2.568
VXG82HK,2019,2,0.986
Z511J4G,2019,3,3.498
V3I878I,2019,3,2.638
LGGDGP4,2019,2,4.456
B5WDTV5,2019,2,4.165
X7TWLOC,2019,1,5.706
9J8G69F,2019,3,4.019
HQ90MHR,2019,2,3.5469999999999997
WZCBW7T,2019,3,2.443
081SK6W,2019,3,4.315
5Z32WHD,2019,2,2.2359999999999998
AZXDI72,2019,2,3.4189999999999996
B2D3MQ6,2019,2,3.471
6HEYVY7,2019,2,4.081
MVG3NLB,2019,3,0.45799999999999996
O2X82QH,2019,3,3.285
FWQ8J5L,2019,3,2.582
MIK14WF,2019,3,3.748
4X1V7HB,2019,1,4.581
GJY0NG4,2019,3,3.16
OQ6HI79,2019,2,2.582
9A45Z97,2019,3,4.104
W2Q8T4N,2019,2,2.356
WV85J5I,2019,2,4.908
479FIY9,2019,1,3.165
LHZYG5Q,2019,3,3.658
PIWU4CS,2019,2,4.54
OBH5ITR,2019,2,3.929
EWLVTOJ,2019,3,4.817
JKK5GDH,2019,2,2.423
LD8LK6L,2019,1,4.019
QXD8FPD,2019,2,6.636
QDY0KZ9,2019,3,4.901
9X4XF4C,2019,3,6.247000000000001
KSF5GDL,2019,3,2.867
Z3Z43AD,2019,2,3.103
0EGKM00,2019,2,7.851
G17C033,2019,2,3.464
U8WO23J,2019,2,1.902
TXMYIF8,2019,2,3.408
VP7TKJZ,2019,2,6.504
IG2LSYJ,2019,3,10.127
P706TB5,2019,2,9.274
N8C2RRU,2019,2,3.0610000000000004
SDLK40N,2019,2,2.45
JSXLX6P,2019,3,7.559
NZW5H9T,2019,3,5.442
V8Q9LR3,2019,1,5.102
65KV07T,2019,3,9.318999999999999
FZLL7EA,2019,3,10.127
7G7PKJL,2019,2,4.484
PSBBON2,2019,1,3.79
G7A4DH9,2019,1,6.58
SG524VT,2019,2,7.912999999999999
0Y3HK56,2019,3,6.386
MXBVP83,2019,2,3.748
WWERQZ5,2019,2,6.968999999999999
IVSQV1Q,2019,1,3.29
7MTWGHQ,2019,3,8.468
EIHWBYP,2019,3,5.74
IU5PSBL,2019,1,4.026
C9643W0,2019,1,5.1370000000000005
X5DN33F,2019,3,2.443
T6NV1RS,2019,1,6.039
F2GS6X3,2019,2,3.734
ZT0PBD8,2019,2,2.423
39CHJHM,2019,2,10.127
QEUXXFJ,2019,2,3.318
CEA38QS,2019,2,2.7769999999999997
HUHC63V,2019,1,5.4
ICM0XVS,2019,3,3.2489999999999997
GPR6PG0,2019,3,5.97
DH1B7NJ,2019,3,2.992
67W2NF1,2019,3,4.012
9UR0MRQ,2019,1,2.86
C3RH2VQ,2019,2,3.242
6CWNNUW,2019,2,4.269
3CWBYMC,2019,3,3.1439999999999997
KMVBUT7,2019,3,3.6510000000000002
MW5QH3U,2019,3,4.262
HU1MQT7,2019,2,7.5729999999999995
D9R92LW,2019,2,4.72
R9WOP3G,2019,2,4.2410000000000005
LALUNDX,2019,3,2.783
C20NUTS,2019,3,1.902
B7Z6UZS,2019,2,4.269
UQJ424Q,2019,2,3.977
BX8RGJG,2019,3,2.617
03Y1F7S,2019,2,2.679
HFVGKRG,2019,3,3.79
SDKPTC5,2019,3,4.692
SS3FNAD,2019,3,2.95
0UYQLWE,2019,3,3.859
WJOBAED,2019,3,5.1160000000000005
FXWYRDW,2019,2,1.8259999999999998
QHYEKOE,2019,2,5.227
DGDDH9Z,2019,3,4.602
I01NWXD,2019,1,4.387
JE946NT,2019,2,4.734
FNVW2WM,2019,2,4.651
O7ZEC4G,2019,2,3.95
8IDDM2Q,2019,2,2.915
7ST4TJF,2019,3,1.916
V2OQZA9,2019,3,5.053
NKUUW8A,2019,2,5.012
XVWMLBJ,2019,3,4.345
JO1AE58,2019,2,2.9010000000000002
W1RMK7O,2019,2,2.9219999999999997
0J8FZ1S,2019,2,2.2769999999999997
E5TAUCS,2019,2,4.526
SHQE00S,2019,2,2.082
G3GUYGF,2019,2,2.582
YEBAUTR,2019,2,3.221
D5DND4P,2019,2,3.2489999999999997
IUBXVV5,2019,3,2.693
UAKPL84,2019,2,2.082
I8SL7V9,2019,2,3.575
UQZEVND,2019,3,3.9010000000000002
RXYUE19,2019,3,4.005
Q0SANGO,2019,2,5.497999999999999
QTP3Q1O,2019,2,4.97
KUQ0QHL,2019,3,3.623
D6M9N1G,2019,2,3.873
PMWVHPQ,2019,1,5.227
ZSDMRAP,2019,3,8.337
GAO8W67,2019,1,7.455
GLUK0MG,2019,3,4.692
1CZ23LQ,2019,2,5.865
OCC3TFM,2019,2,3.214
URYD3R3,2019,3,4.101
VTHPSOP,2019,3,4.92
GNKIHYF,2019,2,3.8110000000000004
RE3XPUK,2019,2,4.373
IZEPC1Y,2019,3,4.79
BG08VR8,2019,3,4.317
NYNFYVL,2019,2,4.005
0G8PCR9,2019,2,4.79
C1YYA7E,2019,3,3.6510000000000002
NYHCIJE,2019,2,4.007
4557XNE,2019,2,6.664
52A7DHU,2019,1,5.636
UAKYG16,2019,3,1.756
8HRI377,2019,3,2.089
QQJOWID,2019,3,2.645
C8UKBLX,2019,2,4.005
DTCLHNB,2019,3,2.679
P5LT5NI,2019,3,2.853
QO3R84O,2019,2,1.867
UJTZAVO,2019,3,5.372999999999999
R4D1736,2019,1,1.715
UST2XYE,2019,2,5.171
TMQEMDI,2019,2,5.734
7GGJ7H0,2019,3,4.873
H79BG25,2019,3,3.165
SE26TL3,2019,2,5.019
IMALB6M,2019,2,3.675
PK41YOT,2019,3,5.474
IW0WOA9,2019,1,4.178999999999999
SQ2SHTH,2019,1,5.393
2W91UWR,2019,3,4.505
GOW06N5,2019,3,3.6510000000000002
BHFFHA9,2019,3,3.1860000000000004
JR2AY0N,2019,3,4.19
26M73NB,2019,3,4.553999999999999
5QLHEWH,2019,3,3.179
TOYQB0J,2019,2,3.6860000000000004
KHEYXNV,2019,3,2.388
989FIA8,2019,3,4.026
C66GOFU,2019,2,1.5619999999999998
AX0UVDN,2019,3,6.067
8KZTZ5L,2019,2,1.236
S0MY852,2019,2,2.6839999999999997
TK5MGO1,2019,2,4.098
J3QDFUG,2019,3,2.0140000000000002
MKT0LCD,2019,3,2.679
57G9K8X,2019,1,3.054
2DNGBME,2019,3,4.54
JKAB6K7,2019,1,4.327
5SP797N,2019,2,4.387
Q2B5FGE,2019,3,5.2620000000000005
J0LMYEY,2019,3,3.464
63D1H1W,2019,3,1.767
FDXT279,2019,3,0.521
LO89BGW,2019,3,3.623
HTQ3TCG,2019,2,4.672
BU32X2Y,2019,2,4.2410000000000005
LIVRJYT,2019,2,6.428
428CQ1G,2019,2,5.678
J72Y7JN,2019,2,5.852
AFK8ETP,2019,2,7.211
LR9JSKZ,2019,3,5.529
GZUI7EU,2019,3,7.101
GS1FI8I,2019,2,10.127
X70GR3S,2019,2,4.145
GE5WDO3,2019,2,5.38
YT6K608,2019,3,6.392
CK88THP,2019,3,5.989
79T99DN,2019,3,5.642
Z0XKLQ1,2019,2,4.041
CQWH6MY,2019,3,5.699
TNF1P3Y,2019,3,2.61
D38009G,2019,2,5.657
4KIUP87,2019,3,3.7960000000000003
499HNZA,2019,3,6.419
LZFBHI6,2019,3,5.649
0OB3DB4,2019,3,5.561
K9TEQEQ,2019,2,6.396
Q16XINF,2019,2,10.127
GFF1ZO9,2019,2,8.92
9NSW2QE,2019,3,5.296
WYPNF4M,2019,3,5.935
I8VTA62,2019,1,2.971
SNPX7HH,2019,1,3.952
EV9E7WT,2019,1,0.888
0VQCU11,2019,1,1.5619999999999998
D896L2Y,2019,1,5.005
QV0GHVY,2019,3,2.895
RHY6BJF,2019,3,2.4290000000000003
E6ZEIX2,2019,3,3.845
XAW8YXA,2019,3,4.567
XJV2CUJ,2019,2,3.859
DZ3BGNS,2019,3,5.38
DLY798K,2019,3,4.56
ZX8WV5Z,2019,3,1.006
DXI26S0,2019,1,5.803
V7ZC7X0,2019,3,4.283
JF1SHYC,2019,2,3.596
EUBDDQV,2019,3,4.984
MMRTNEP,2019,2,6.782
IO7W4ZN,2019,3,5.81
TW8U5I2,2019,2,5.247999999999999
GNCBVMF,2019,1,4.658
NTBG91Q,2019,2,3.804
7RCNYXL,2019,1,2.374
SHBPRMV,2019,2,4.442
8JTAAP1,2019,3,5.1160000000000005
V7FZOH2,2019,1,4.672
PSPIRZ4,2019,3,3.318
SO0X0M4,2019,2,3.464
WPRDPOA,2019,3,8.468
8FUB31U,2019,1,1.819
9WR7V4Y,2019,3,2.735
2PN27LA,2019,3,2.124
8HCRJGP,2019,2,4.456
M1UV5VD,2019,2,2.249
B3CCVKR,2019,1,5.65
044LFBM,2019,1,4.734
913L5MS,2019,2,4.206
4KTB7DX,2019,3,5.1160000000000005
4KE7ZYR,2019,2,2.506
A7TN9MD,2019,2,5.032
2Z98C2I,2019,2,3.512
XITUW2R,2019,2,4.276
O448R6K,2019,1,4.317
KU2HFID,2019,2,3.013
VQOTTTD,2019,3,4.436
IO33LTY,2019,3,4.734
MQZDCD9,2019,2,3.491
9MNH58X,2019,2,3.596
D4QA7TO,2019,2,3.554
0EA3182,2019,3,2.4290000000000003
AIN67VC,2019,3,1.367
JJNVO1S,2019,3,0.9159999999999999
P0Y326Q,2019,2,1.242
FGQNWWH,2019,2,1.479
RILE1DC,2019,2,4.484
05XW1GO,2019,2,3.228
RSK7CJB,2019,3,0.507
RKIC5GQ,2019,2,5.636
MZIVL09,2019,2,2.374
5DT9FRW,2019,3,3.665
1APSIPG,2019,2,2.832
6HTJQ1G,2019,3,3.825
HS8YEM0,2019,2,4.197
P3AHWJ0,2019,2,4.269
5WEHXJ7,2019,2,5.525
57M8TZW,2019,2,4.565
EAFOF2Z,2019,2,3.859
HR9XTAJ,2019,3,8.26
90W9HUS,2019,3,5.99
7UCUB60,2019,1,6.455
XPDLZUO,2019,2,3.471
U2C1I8Q,2019,2,2.353
M0MPDMB,2019,2,3.575
RGNXCFB,2019,2,2.499
HVNUJD9,2019,2,4.901
I6QF1AD,2019,1,1.305
O4GEBFW,2019,3,3.367
FVQHKLY,2019,2,3.353
T0YU1K9,2019,2,3.367
OFENDKO,2019,2,2.645
2DXCF8N,2019,3,3.665
SCQAP2N,2019,1,4.394
NX12K27,2019,2,3.741
NTMK73U,2019,1,1.666
RNV7JGJ,2019,3,3.589
UI1PCHF,2019,2,1.597
KIZVGS9,2019,2,3.568
GRFWXP1,2019,2,3.616
6ZO0FM5,2019,3,2.6239999999999997
6YT93ZT,2019,2,3.929
BJI32HQ,2019,2,2.228
VP1VPFV,2019,3,2.0340000000000003
YZB6B8D,2019,2,3.658
30DGLGQ,2019,3,2.7489999999999997
TLZ96J7,2019,2,3.568
QSVKSJB,2019,3,2.0340000000000003
QYNNB05,2019,2,1.263
1XAE094,2019,2,3.4010000000000002
2S0JI0X,2019,2,2.18
SQ5V2OT,2019,3,5.4910000000000005
6B42A8M,2019,2,5.317
D2V84QN,2019,2,1.093
QGFMZ3W,2019,2,2.707
ZBHOAPM,2019,3,4.345
GE2O6Y3,2019,1,3.984
MDQJ568,2019,2,3.332
1VTG9MX,2019,3,2.659
E6UD5OS,2019,3,2.665
Y9QQNZW,2019,3,2.464
FNE9Y1B,2019,3,5.706
LQJ65GF,2019,2,4.602
FT3VG8R,2019,2,2.978
UR8GDJ2,2019,3,3.033
G1BX3MZ,2019,2,5.768
82YLB7C,2019,3,3.7760000000000002
TJ351XP,2019,2,3.325
H1TYBHP,2019,2,5.428
UL5XKCB,2019,3,7.8229999999999995
GTLFC6G,2019,3,3.304
N2EE9RE,2019,3,6.171
Y2VOHH5,2019,2,5.886
2T1CLJU,2019,2,3.804
G7LZN0T,2019,2,4.567
XJ3M64C,2019,2,7.17
UH21KBR,2019,2,2.5469999999999997
R8O2OT9,2018,1,5.255
SNIQFIH,2018,3,0.292
8YM2R3L,2018,3,4.533
MUS3T7I,2018,2,3.2
0CVTT6O,2018,2,2.61
JFDLSYH,2018,2,3.353
DWOV6QC,2018,2,4.831
BBZJOUM,2018,2,3.957
W8QOX9M,2018,3,2.187
6GYFDNC,2018,3,3.762
D4EUDD4,2018,3,2.2769999999999997
VP2WF97,2018,3,3.4010000000000002
BM7EY73,2018,3,4.512
FCA6DGF,2018,3,2.536
DZWE37H,2018,3,7.747000000000001
AFZPZVF,2018,1,2.7769999999999997
IPUO4E0,2018,3,2.735
KIMSLH9,2018,3,3.832
EBF70VU,2018,3,4.672
QT5YP2B,2018,2,3.596
3ESBAJA,2018,1,2.381
I3ZJ86X,2018,2,3.714
4J4P3LC,2018,2,6.622000000000001
7XOD58M,2018,2,2.7769999999999997
0EVPTT3,2018,2,5.289
KBI98AA,2018,2,3.762
U31H7TI,2018,2,4.873
J3QJ2B6,2018,2,3.353
NTJ2JC0,2018,2,2.513
J3GOGCP,2018,2,4.38
Z1SVV99,2018,3,3.575
EROQBE0,2018,1,2.082
P5UUQHX,2018,2,7.4479999999999995
1ZBJC4K,2018,3,6.865
RI4GYED,2018,3,4.109
I3TG9OY,2018,3,3.9010000000000002
XPGKGEJ,2018,2,2.138
9UICMSS,2018,2,6.9270000000000005
IGBGX7Z,2018,3,5.1160000000000005
TY48COF,2018,2,4.005
D8WCHS5,2018,3,1.5130000000000001
2PNNAJ0,2018,3,4.533
AHJ21TN,2018,3,3.054
HO618GE,2018,3,4.706
KI6J6AB,2018,3,2.6719999999999997
ZVMNVJ3,2018,3,4.061
8WW6Q3S,2018,3,4.963
IKRBV6T,2018,3,5.754
VG8KOBJ,2018,3,5.414
D6QXQIT,2018,3,2.013
9VQSYQD,2018,2,8.815
445AC87,2018,2,3.845
XK7201N,2018,3,2.7769999999999997
YJ9HMCH,2018,3,3.29
U9Q82RW,2018,3,3.929
B3QNA5M,2018,1,5.556
T62S761,2018,1,5.442
7P5DFIB,2018,1,6.796
7TY1QE7,2018,1,1.819
22I1EVT,2018,3,4.269
D012AKE,2018,3,3.137
WO4CU1R,2018,3,3.353
XJ0TWJW,2018,2,2.665
YZX5IN2,2018,2,10.127
HVA8XS5,2018,3,5.15
TCM3A8N,2018,2,4.484
4YRNT6T,2018,1,5.539
NB39KA5,2018,3,7.5520000000000005
NTWQW33,2018,3,5.081
0MCD74N,2018,2,4.54
6JGY5II,2018,3,5.131
UNQHRON,2018,3,2.4290000000000003
FRT968H,2018,3,2.8569999999999998
YB4737C,2018,3,3.532
I5W41U2,2018,3,4.265
4ZG6SEF,2018,2,5.976
H6DTUSI,2018,2,4.665
T0O4W37,2018,3,2.096
6HIA4Q8,2018,2,3.443
LJSP4CJ,2018,2,2.6860000000000004
H7IA99X,2018,2,5.942
6UY0G8C,2018,1,4.928
UKAEQBT,2018,2,4.337
ISJUYC2,2018,3,3.79
KYSCQZV,2018,3,5.178
8155QOR,2018,2,2.568
FPZF2X7,2018,1,5.06
8T9PQ59,2018,2,3.609
WKUB0CU,2018,3,2.492
IY7RH5Z,2018,3,2.1590000000000003
HF5AMKB,2018,3,1.131
A4E5D1G,2018,2,5.962999999999999
1QI3KNI,2018,3,4.053999999999999
UDC36FJ,2018,1,2.062
21NB4QI,2018,2,2.478
9QF4HRV,2018,3,3.11
JJEAL7L,2018,2,3.887
E04A9Z3,2018,2,1.166
RLFCGW6,2018,3,2.5269999999999997
HD0C7PY,2018,2,4.8660000000000005
0QEATF9,2018,3,2.888
3OMFEFM,2018,1,3.29
41XVVPW,2018,2,2.249
U9IGQSV,2018,3,2.464
AVJHBPI,2018,2,2.478
9H47CIW,2018,3,6.303
OYNLL9K,2018,2,1.409
VCRDVXH,2018,3,1.61
PSK52FF,2018,2,2.193
7F5AOPX,2018,3,2.985
NVU2I0K,2018,1,1.5619999999999998
1OO8BJ2,2018,2,4.831
0WP3OCV,2018,3,2.325
C1PXDHX,2018,2,2.86
2LPG4YC,2018,2,2.6519999999999997
61DXU7B,2018,2,4.512
J90KVPB,2018,2,3.367
YQ746ZZ,2018,3,2.6719999999999997
0YTIGAM,2019,2,1.011
8J3ZFNP,2019,1,1.224
MJD3XP2,2019,1,0.9790000000000001
2DLDZHU,2019,2,1.1179999999999999
0BMLPKV,2019,2,0.868
LZTB86A,2019,2,1.381
T5WPSJP,2019,3,0.882
NBGKZ1T,2019,2,0.757
R5LVVW6,2019,3,1.3880000000000001
S4LL70S,2019,2,0.882
PKU906G,2019,1,1.923
HE9IBV9,2019,1,1.416
UW1LX7K,2019,2,1.1740000000000002
74ALOL2,2019,3,1.59
M2V29TP,2019,2,2.291
JFXVUIH,2019,3,2.291
HW8CWC0,2019,3,0.569
NUXIHIN,2019,3,0.375
9ARLMCM,2019,1,0.833
QADOTMJ,2019,3,0.514
S8Q1ADT,2019,3,0.215
P7D8OW6,2019,1,1.131
9C0HM7M,2019,2,1.4580000000000002
CDZRFPU,2019,2,0.7909999999999999
W11OMRN,2019,1,0.833
YSJWU6W,2019,2,0.521
42FJQCE,2019,2,0.125
748GTKA,2019,2,0.514
HVKDXPB,2019,2,1.194
7P2Q7ZD,2019,2,2.062
B1FJBBU,2019,1,0.062
4CQ6BYU,2019,2,0.5760000000000001
MKQ4NV4,2019,1,0.888
3D51LVT,2019,1,0.40299999999999997
RV2FT87,2019,1,3.859
558NCKR,2019,1,0.958
0ZA6DUZ,2019,3,1.8459999999999999
JQEH9K5,2019,3,0.555
LA9SHKB,2019,1,1.4909999999999999
02C6JZZ,2019,2,4.053999999999999
X5XWX9V,2019,1,0.777
Q8NMO4S,2019,2,3.304
6FKG23C,2019,2,0.611
7TOPOSP,2019,1,1.749
NAKTK3C,2019,1,1.43
J6PO81M,2019,2,2.082
MUCC66V,2019,1,0.632
ZW318FZ,2019,3,1.166
OIY1Q7Y,2019,2,2.603
VKXGAU9,2019,2,1.8880000000000001
ZVY73A1,2019,2,2.7769999999999997
Q9H36AE,2019,3,3.804
RFADWDL,2019,3,2.707
T13RVHP,2019,2,5.442
SZ5T2DI,2019,3,4.79
6YLD1A6,2019,3,4.213
SPXDYVO,2019,2,2.471
TB3V5B3,2019,3,2.221
CYDA57A,2019,2,4.026
Q9I51CU,2019,1,3.54
MPUWLCZ,2019,2,1.944
U505LJD,2019,2,2.221
FGYHUQX,2019,3,2.499
HHR327B,2019,2,4.165
4LF7IHN,2019,3,1.805
GCVSJJD,2019,1,1.805
3H5WZXT,2019,2,2.291
HFYLSF8,2019,2,6.317
MMQE4NU,2019,3,3.714
WU0YZI2,2019,2,2.6719999999999997
QS7VZZC,2019,2,2.9989999999999997
9T5F13C,2019,1,2.318
0MIQWM9,2019,2,3.845
1GYGJ2F,2019,1,1.3019999999999998
EJAVMNQ,2019,3,2.2840000000000003
FS2TLI7,2019,2,1.985
MRMYTIK,2019,2,4.22
LAVSG05,2019,3,1.3880000000000001
1OX5P8G,2019,2,2.221
HAICDH5,2019,2,3.887
U71Y401,2019,3,0.966
A6PHLW3,2019,1,1.655
5ZXLUZD,2019,1,7.597
5VWDKOT,2019,2,0.29
T5DEGBO,2019,1,2.699
MNKPZKQ,2019,1,2.3819999999999997
0VVZPV9,2019,1,1.281
9MKN2WA,2019,3,0.469
7TDZ98S,2019,1,4.52
9S3IRT2,2019,1,1.8119999999999998
LX9S69Y,2019,1,2.443
IHYIQC1,2019,2,3.262
EVIWCHS,2019,2,4.172
NMH7LEC,2019,2,3.6910000000000003
7UO1B6J,2019,3,0.888
J7MI9IV,2019,2,1.597
WAAZQ3A,2019,2,7.218999999999999
C95MO3X,2019,3,2.1519999999999997
T9RK60O,2019,2,6.178
0RTX90Q,2019,3,2.728
ZP7VMZG,2019,2,3.576
1AS3WRS,2019,2,1.6869999999999998
4IZQ1UA,2019,2,4.297
S16EHA8,2019,1,2.846
OQJPAEY,2019,2,1.652
X2C27P8,2019,2,0.966
ECRAHAX,2019,1,2.964
3HG8GMP,2019,1,0.8390000000000001
EJIH51Z,2019,2,1.705
ZPD440R,2019,2,1.9709999999999999
U2056I4,2019,1,1.7280000000000002
Z0UGZUX,2019,1,1.3880000000000001
CY29VYP,2019,1,1.1520000000000001
T4U02QT,2019,2,1.805
300KJJL,2019,1,3.2969999999999997
JTR14YS,2019,1,1.0270000000000001
SC6063E,2019,2,2.6239999999999997
U5WVUF1,2019,2,1.791
5F64AB5,2019,2,1.5630000000000002
W2Z3JBW,2019,3,8.774
4IJ8ESE,2019,1,5.442
Z7VPO24,2019,1,1.249
9P72KZ4,2019,1,3.082
L72SB26,2019,2,1.874
MEO87GJ,2019,3,3.707
SFV9LSG,2019,1,2.207
K3O456I,2019,2,2.11
L77360S,2019,1,4.449
94TMHO2,2019,2,3.068
UBEF2YN,2019,3,2.062
SBYFSBU,2019,3,4.776
41YH67V,2019,3,2.416
JCZF37X,2019,3,2.992
JXIVZVW,2019,3,2.235
8ZQ4B5R,2019,2,3.0610000000000004
KDKR7EL,2019,1,2.7
S8OKS94,2019,2,2.7489999999999997
HYW5A9I,2019,3,4.428999999999999
NDPCOC2,2019,2,1.3119999999999998
QH4EQE3,2019,1,1.208
3RSX1ZQ,2019,1,0.146
DL7DC8P,2019,1,2.2
E6IMABN,2019,1,1.548
UZ1C7YX,2019,1,0.271
LIT66TF,2019,1,0.659
SMQV7XO,2019,1,1.5130000000000001
HXGOWQD,2019,3,2.069
H188WLB,2019,2,4.213
4O45UMO,2019,1,2.9360000000000004
ZYZS6E1,2019,3,1.4369999999999998
TADPR26,2019,1,1.652
Y707C13,2019,3,2.804
QHI9NMP,2019,2,2.4290000000000003
QWOLK2O,2019,1,3.2489999999999997
YKWPM6R,2019,1,2.242
1CKVUBN,2019,2,3.603
HYGETPG,2019,3,4.005
HI8LUS9,2019,1,4.859
EC5GQPE,2019,3,8.149
ROVRC2P,2019,3,4.005
Y4SGU6N,2019,3,3.804
T723LCJ,2019,3,5.664
WV7IICI,2019,1,5.345
3JO79QO,2019,2,3.616
MYJ93MZ,2019,3,3.589
AVX5V30,2019,3,5.1160000000000005
A36T25S,2019,2,1.805
3XCM4SN,2019,2,1.402
2L5RLP5,2019,3,2.95
EV5MPB0,2019,3,2.707
1CC9077,2019,2,6.171
P2Q8B8E,2019,3,5.2410000000000005
NLRB0KA,2019,2,3.7689999999999997
ZPEZT65,2019,3,0.764
QO29LPE,2019,2,1.7009999999999998
WF4806D,2019,2,1.354
ABXFN8B,2019,1,1.819
2M811A5,2019,1,0.555
0B3XPZZ,2019,2,5.9639999999999995
A1POAKR,2019,3,0.153
RN6WJRO,2019,2,3.852
RRLNMGO,2019,3,5.234
6JUN0JP,2019,2,2.096
CFK6Z08,2019,3,6.9270000000000005
ATNP7ZB,2019,3,2.18
38CSVS1,2019,2,1.0759999999999998
NVQ1E6U,2019,3,0.305
XGOGRB8,2019,2,3.429
0KZ4FHH,2019,2,0.41
J6M20X0,2019,1,0.528
5OG4E5X,2019,3,0.25
2OKWGK7,2019,3,4.1930000000000005
8IDTQDZ,2019,3,2.2840000000000003
KU1ALUF,2019,2,1.597
QI1RNKG,2019,2,3.9139999999999997
VILC1V0,2019,3,3.665
LYCWTBR,2019,2,3.5189999999999997
IK58Z94,2019,2,4.42
NVV2075,2019,3,2.335
U9VNU5T,2019,1,1.263
LFUCULC,2019,2,2.679
DOBGPVE,2019,2,4.533
NW44ZIL,2019,2,2.867
RDDIINS,2019,2,3.6439999999999997
8B18HX0,2019,3,2.298
B1BCI7E,2019,3,3.2
VRGS6MJ,2019,3,3.7969999999999997
VGVDBEY,2019,2,3.741
OTUOSYY,2019,3,2.381
9C5GPDH,2019,3,1.631
SHHWLP3,2019,3,2.825
41GYOE4,2019,2,3.23
UG6DTZX,2019,3,2.978
3XBW5YI,2019,2,3.825
P7AZFJW,2017,1,4.75625
UDP0CR3,2017,1,4.65625
NSZW9YF,2017,3,3.06875
FMHBDBZ,2017,3,2.41875
335VZJU,2017,2,1.76875
XTOGH48,2017,3,3.16875
G6058T9,2017,3,4.56875
M4Z6NPB,2017,2,3.50625
L2199YS,2017,3,4.34375
THSAJ1V,2017,3,5.2375
WCJE5US,2017,3,5.04375
N32O6GT,2017,3,2.36875
NOCCWL1,2017,1,3.74875
F5D3RRN,2017,3,5.0875
3UY5O1A,2017,3,3.09375
830ROQ7,2017,3,2.62875
MBMRZQZ,2017,3,5.7875
3SVGLDM,2017,3,5.2625
PGX6I9M,2017,2,5.1125
JFVZ4V4,2017,3,3.90625
31WBJL1,2017,3,3.1
BMN8NV5,2017,2,3.25
1GZVWML,2017,2,2.2125
I9YGV3U,2017,3,2.87625
XYMFIEH,2017,3,4.3125
5E3BHEK,2017,3,4.69
9DTG2MM,2017,3,3.3125
BUCMMA3,2017,2,1.7
NF69N87,2017,3,5.60625
5NQEN2A,2017,3,4.415
VZS1P77,2017,2,3.2825
ZSVNPCZ,2017,3,4.955
2GVUP1Q,2017,3,2.55
2KFCDYE,2017,3,4.40125
VAOW0QQ,2017,2,2.45625
6LMV94L,2017,3,2.51875
PRGQO6D,2017,3,6.31875
RQ9B6O0,2017,3,2.93125
PV7Q6NA,2017,3,5.21875
NLWP5LI,2017,3,6.9625
IQ7EG2V,2017,2,2.69375
Z8WS278,2017,2,2.29375
8FW53SQ,2017,2,3.34375
TQI6DS8,2017,3,4.38
ZCJHD8L,2017,2,5.6125
Z9R6HGG,2017,3,2.43125
K7L9NK9,2017,3,2.6825
EH81J2O,2017,2,6.54625
85457C0,2017,3,2.4975
NX1N1LP,2017,2,3.09375
1W6HNNS,2017,2,6.125
PLSAQXH,2017,2,0.0875
LVZSN1W,2017,1,3.24125
SCURT5K,2017,2,3.98125
VK9349A,2017,1,3.16875
IOLSQGE,2017,3,5.3875
L25SYJO,2017,3,6.2125
72XJWG1,2017,3,6.66875
ASGJQ2P,2017,3,3.49375
1VUEWFQ,2017,3,1.58125
ZS6MYPT,2017,3,3.39375
RTB7RNA,2017,2,2.43125
KFGTSHX,2017,2,2.6375
8EHQ4BM,2017,2,5.21875
BIGKR72,2017,3,2.98125
2GHXE12,2017,3,5.65625
1NJ05H1,2017,1,3.9375
5063C6O,2017,2,5.675
QRQZ7AA,2017,2,3.65
XEYW5TM,2017,3,2.9625
CDTFAZE,2017,2,1.60875
XDT9015,2017,2,2.125
4VUW982,2017,2,4.22625
WM358E6,2017,3,2.1625
3PD9EOJ,2017,2,4.25
TL8G19K,2017,3,2.68
KZ0DLGG,2017,3,2.1825
J992BZ6,2017,2,4.09375
ODUX4FS,2017,2,3.54375
XAQYW3K,2017,2,2.31875
G5OP39H,2017,3,3.18125
B5WEJC1,2017,3,3.825
SVXZ4YS,2017,3,1.725
G00S91S,2017,2,6.425
FWS526U,2017,3,4.14
8RJH9KI,2017,3,1.96875
DJJ4CYW,2017,2,2.25
UGG9QSJ,2017,3,7.04375
RPUYJYU,2017,3,1.9975
1M3PV84,2017,2,3.88125
KSEVJ99,2017,3,1.7125
4SOJFXP,2017,3,1.6825
8TWXHT6,2017,2,2.8375
UR1UGP4,2017,3,4.16625
EOT30MR,2017,2,2.875
IDTJSHD,2017,3,4.6
71EIR0I,2017,3,1.8625
KMZM7LV,2017,3,2.5425
4EDE3C0,2017,3,2.68125
8HN0QZR,2017,3,4.1875
3ZBXZNK,2017,2,3.84375
R64O6N6,2017,2,4.06875
F0WD293,2017,3,4.3775
UX21KGR,2017,2,3.86875
GT2D57X,2017,3,5.74375
627J1P2,2017,2,6.3125
K9QW79F,2017,3,5.05625
HL14EI7,2017,2,1.875
CVPG0CZ,2017,2,4.825
H0LAGTT,2017,3,3.79375
GRAFWJ7,2017,1,1.9125
ENHV2ZD,2017,2,4.48125
NOLZZW1,2017,3,4.85625
N9EPYKU,2017,3,1.18125
HXIERVL,2017,3,0.625
TWU13Z5,2017,3,1.625
9BFO3ZX,2017,2,0.55625
YFB3FDX,2017,2,3.39375
U37Q1W0,2017,3,1.9125
80QCEIG,2017,3,1.93125
1GCNNUN,2017,1,2.0125
000OKL7,2017,1,7.13125
TMSI47F,2017,3,3.5125
VEKINJH,2017,3,2.55375
GS1LW7X,2017,2,4.86875
LEKVYYZ,2017,3,4.52625
6NEM59Q,2017,3,3.0375
9ZP9HNY,2017,3,2.53125
XUSKOOV,2017,3,3.8125
RXFX8SC,2017,2,3.95625
7FYPOFS,2017,3,4.95625
MYJWUCA,2017,3,4.15625
ZF9ODQ9,2017,2,3.89375
T22IUOA,2017,2,2.5125
SXVY58T,2017,3,3.88125
3NE41UH,2017,1,1.53125
43MHR96,2017,2,2.325
51SEL1D,2017,3,2.125
CFROBVW,2017,2,2.43125
FBBXMGJ,2017,2,1.5625
0Y5AXYW,2017,2,3.05625
SFZ3JDU,2017,3,6.675
QEQWT2C,2017,3,4.825
IPBOO03,2017,3,3.85625
UYN7TSK,2017,1,4.41875
L0UCD6X,2017,1,2.625
PMCYGGO,2017,3,2.525
6Q2JZ6K,2017,3,5.91875
HTGXI6J,2017,3,2.86875
GR6S15B,2017,3,3.5875
239P3RJ,2017,1,3.0125
JYH6PYS,2017,3,5.68125
0ZGWGDO,2017,3,2.59875
0P49THJ,2017,2,4.80625
XD3ZYW8,2017,2,2.55
RHSPZTR,2017,2,2.80625
OZNH7CC,2017,3,1.425
GUCSYRX,2017,3,2.975
8FMKGHF,2017,3,1.64375
VNYIKNU,2017,3,6.845
AJSN9P9,2017,3,4.89375
7X5SEJG,2017,3,3.39375
RP9CS35,2017,3,5.14375
1J9D59U,2017,3,2.375
4RNRETQ,2017,2,1.36875
BHVAGU9,2017,3,7.4375
03XDB3Z,2017,3,7.3375
NCCBBXG,2017,1,4.61875
1OD5U8P,2017,3,3.03125
MASF003,2017,3,5.25
77JLVOK,2017,3,2.93125
6CFRCUK,2017,3,1.95625
2WPABTZ,2017,2,4.10625
3JCRZ91,2017,3,2.1875
787OPB3,2017,3,3.6875
FE7COW0,2017,2,5.1125
HRJFQ5Q,2017,2,4.0
4M0LE2Q,2017,2,2.9125
XGF7UUL,2017,2,3.6125
IQGP1I3,2017,3,1.51875
DKFSFIN,2017,3,2.85625
LC3KD7V,2017,2,2.7625
LORZ2QY,2017,2,3.83125
N4A0HM2,2017,3,1.625
GK1JTNU,2017,1,3.1825
XE2Z09O,2017,3,1.35625
VC5QO70,2017,3,3.71875
VV1ANX6,2017,3,1.8125
50PC2QB,2017,2,1.44375
VIT8XGR,2017,3,3.25625
X785X8J,2017,3,4.075
YFET8IX,2017,2,8.56875
MPZX8HW,2017,3,3.23125
WJ22QDG,2017,3,5.11875
2778RSU,2017,3,4.39375
MTV9RCT,2017,2,2.5
ZZC6MMD,2017,3,5.3875
IO0ZX1C,2017,1,2.80625
I71JCIL,2017,2,2.825
AAKLZ5X,2017,3,5.60625
5VDPUM4,2017,2,1.84375
Q30E2N2,2017,2,3.24375
029ALJR,2017,2,6.23875
UBYUSQM,2017,3,3.3875
49YVAQI,2017,2,8.01875
7YRZ7Y9,2017,2,2.525
G9ASSO0,2017,3,4.9375
M5Q8HEA,2017,3,2.50625
WR4A92O,2017,2,2.56875
KCUJJNZ,2017,3,3.69375
Q9DE4P3,2017,3,6.7125
9XNO5GQ,2017,3,4.91875
K5I1HAS,2017,3,4.7
WSQ1L1J,2017,2,4.465
X51G199,2017,2,12.9875
317EOZO,2017,2,2.0125
B39N9G8,2017,2,3.81875
MLJDXBI,2017,3,5.64375
BE5TCGC,2017,2,4.85625
1H7CWSU,2017,2,4.3875
GE1UMDJ,2017,2,1.31875
PBKRDAY,2017,2,2.09375
V36OUCZ,2017,2,4.99375
QTIQP4O,2017,3,3.01875
4T2N53O,2017,3,3.5125
N8ACZV2,2017,3,3.66875
0RFWU2U,2017,3,5.025
8MKLX9O,2017,2,5.85625
G78KYNZ,2017,2,4.10625
1G9PLBE,2017,2,4.38125
CN25N9V,2017,3,2.30625
T64Y5X3,2017,3,4.6725
I74HNZB,2017,3,1.9625
MIO9K1M,2017,2,1.8
WSCHIS1,2017,3,4.9625
PPRYE0H,2017,3,3.0375
6DCPZN6,2017,2,5.14375
YJ9RCII,2017,2,4.36875
MZEELE1,2017,2,4.86875
DBCOIQK,2017,3,5.45625
J0595XT,2017,3,3.575
10MKWG2,2017,3,5.21
606MEI6,2017,1,5.75625
RD7OEUO,2017,3,4.0
2MRA303,2017,1,3.8
7M4J6PU,2017,1,5.10625
CAP7BFO,2017,3,3.54375
6E166H1,2017,2,2.99375
19E9B6G,2017,1,2.65625
GLT35K1,2017,3,4.31125
9XQ0T0A,2017,1,11.94375
LYLTVC7,2017,3,7.49875
X5KTUSE,2017,1,5.71
P6LZAD9,2017,3,2.14375
IKTDXKD,2017,3,2.8125
UF5SRA3,2017,3,3.9
EKG67QH,2017,3,4.28125
5IHX51J,2017,3,4.31875
7YP6EKN,2017,2,3.35
DKKL1L3,2017,3,4.075
HOTN4M9,2017,2,2.0625
ZSUTT7A,2017,3,5.3
2U2K0WF,2017,3,5.14375
INBC7U3,2017,3,2.425
JN1Y22Q,2017,3,3.31875
DM014QV,2017,1,4.075
PBW46UJ,2017,2,1.69375
46QFDF4,2017,1,8.46875
8TK2P37,2017,3,4.70625
3S94G36,2017,3,3.93125
M8P03AN,2017,3,2.03125
25HNIBX,2017,3,1.1625
8IG1P4R,2017,2,13.83125
1H1ORVM,2017,3,3.2
TR52A86,2017,2,5.78125
P2Q4PN6,2017,3,3.23125
DFB367J,2017,3,3.28125
59XZ9KI,2017,3,14.3125
4XC9CN9,2017,2,4.8625
4TP3U0Y,2017,3,2.125
8UO8ZAU,2017,1,5.34375
H434LH2,2017,3,7.61875
1KVRXY8,2017,3,4.15
UUI7CW6,2017,3,3.1375
TTD9YGD,2017,3,2.4
CDZ9EXV,2017,2,4.76375
MM74MJA,2017,3,4.275
074VFWE,2017,2,3.3875
21HFWXG,2017,2,2.89375
AWWP2AH,2017,2,2.98125
2K8M02G,2017,3,3.5125
NDWE6Z0,2017,3,5.25
SUWN1OV,2017,2,4.925
0G4H52F,2017,3,5.2125
UDK827T,2017,3,1.94375
83Q4ROD,2017,3,3.425
8S6SCEG,2017,1,5.43125
42G2JCE,2017,2,6.13125
P6SSHE5,2017,3,3.925
G646J94,2017,3,4.25
U23NFXB,2017,3,4.3625
GSTLW5J,2017,2,5.15
WAD8YCF,2017,3,4.0625
Z0EXRMA,2017,2,5.24375
4T6J1Q7,2017,2,5.31875
SHV4AXH,2017,3,3.2375
5UOPR0G,2017,3,4.08125
PK2Q853,2017,3,5.33125
DLKD1UU,2017,3,2.5125
65E3X6W,2017,3,3.40625
HW6QP4D,2017,3,10.23125
Q4R9IH9,2017,2,4.1375
BA4LXS3,2017,3,2.58125
IZUEBD9,2017,3,1.2375
DSD5ZKS,2017,1,5.975
757EXCV,2017,2,3.79375
UYBOD7C,2017,3,5.10625
F8A0EJM,2017,2,5.49375
0M9Z0WD,2017,2,4.55
MGKEN3V,2017,2,3.06875
XCKDYL1,2017,2,3.475
PKKUD87,2017,2,5.0125
I15H9VW,2017,2,4.475
8AJOJJ6,2017,3,3.39375
27HTODX,2017,2,2.0
8SDZV4M,2017,2,6.375
J589DPJ,2017,2,5.025
OYENPP2,2017,2,3.40625
3FEB5N6,2017,3,3.35
FKZZIU9,2017,3,3.125
BKXLIBX,2017,3,7.3575
K0SYVJH,2017,3,3.75625
CO0N1II,2017,2,2.9875
1SG82QZ,2017,2,2.16875
D6OIFF1,2017,3,2.60625
X5BHLB0,2017,3,2.5875
73Z3T9U,2017,2,6.0125
B8BTML2,2018,3,6.15
ESWOAC2,2017,2,2.4875
3P8NYRI,2018,3,4.47
BRMLXD2,2018,2,5.643
N93HG02,2018,1,5.484
LMWLNPI,2018,3,2.353
MV0OY06,2018,3,2.082
EIO1YS8,2018,1,6.004
8MD0N0E,2018,3,1.591
FRWP8QM,2018,1,4.54
H86JFKG,2018,3,4.033
GNF8HVS,2018,3,2.291
JSU7S9E,2018,3,3.397
1EB0OIS,2018,2,2.367
31N2GV7,2018,2,2.371
LSQUS5X,2018,3,0.433
XSZDCG3,2018,2,4.921
GW6ZVPQ,2018,3,4.3839999999999995
1I3L8QM,2018,2,4.553999999999999
1HSSFUG,2018,2,4.1930000000000005
1Q0BE5M,2018,2,4.588
12V48PY,2018,3,3.873
CU4WIYJ,2018,2,4.088
N9VPPJA,2018,2,6.268
F0JQ94J,2018,3,4.651
YADFNCZ,2018,2,5.664
MX0EC49,2018,3,8.413
4F6VNQJ,2018,2,10.127
89VVBJU,2018,3,0.902
23QB8HE,2018,3,3.9219999999999997
7NDXOTV,2018,1,8.503
3EVKEIB,2018,3,3.8939999999999997
NHAFH4J,2018,1,4.401
96MAQM7,2018,3,0.632
3RDW4QE,2018,3,3.707
WLS1NVU,2018,3,2.86
TLS4U55,2018,2,2.193
IUSWPVE,2018,2,5.886
ECVK767,2018,2,3.53
ME55BR9,2018,3,5.497999999999999
DPMMLDM,2018,1,2.138
9VCSF10,2018,2,5.275
52NLOWG,2018,2,3.1510000000000002
YCYOHO7,2018,3,0.9440000000000001
Z3SQHF0,2018,3,2.721
QUQBAOU,2018,3,2.374
2KP7MD7,2018,3,0.826
WYQ21JO,2018,3,2.173
M34NUB5,2018,2,3.478
PK9JA9Z,2018,1,1.964
KW4BPJE,2018,3,4.803
5X7DSLB,2018,3,5.164
WQWS8W6,2018,2,3.609
LZQPPZT,2018,2,4.713
Y557JWN,2018,2,4.234
UIRJIMS,2018,3,4.123
F16JGEE,2018,3,4.0680000000000005
I0UG2U4,2018,3,5.132000000000001
HBU4PB4,2018,3,4.019
Z8XTRC7,2018,2,3.832
RTCIBSJ,2018,3,1.895
K2NFXHF,2018,3,5.727
QHNHY7D,2018,3,3.97
1NICK53,2018,2,2.457
VCIIFL3,2017,2,3.5
GUI95ET,2017,2,4.63125
OIZPVNB,2017,3,4.1875
R89H0V7,2017,3,3.475
9YPIKZ5,2017,2,0.725
PA2PLVJ,2017,2,4.01875
20CIZWJ,2017,3,2.78125
BV0QQ6A,2017,2,0.6
27480UW,2017,2,2.33125
5ZGVKV7,2017,3,3.575
R6WC3PK,2017,3,3.1875
BKWGKCN,2017,2,3.225
GJ8HAZC,2017,2,1.71875
DBQIWUY,2017,2,3.4
Z901SLD,2017,3,4.7
JLBT5T8,2017,3,0.15
MH6GC2A,2017,3,3.16875
7HLRMND,2017,3,2.5375
QFHHM01,2017,3,5.38125
VEFMGC9,2017,3,1.25
UWIM8GY,2017,3,4.54375
CR9ZE6X,2017,3,5.39375
SEAWWLQ,2017,3,4.98125
V5M86PQ,2017,2,3.85625
NG8ES0E,2017,3,3.36875
XN06UZH,2017,2,2.4125
5533GKU,2017,2,2.4125
KXYSA62,2017,2,1.08125
DESXKEX,2017,3,4.375
D2PWNOU,2017,3,1.79375
ISDIM9J,2017,2,1.06875
RDEU0AE,2017,3,2.3625
3YHYIXB,2017,1,2.90625
QT9EECZ,2017,3,3.0625
UCC0ZTP,2017,1,1.61875
URGD8GH,2017,3,8.64375
OA0F652,2017,2,4.7625
62KQEE4,2017,2,1.59375
GP3K5UY,2017,3,3.95625
DX8VWDV,2017,2,4.56625
O31S3T2,2017,3,5.19375
VRIIFKH,2017,2,2.33125
P1QIHL0,2017,2,2.025
WLI8CLX,2017,2,1.4375
FITQCEO,2017,3,2.575
4N2VHIJ,2017,3,4.19375
1NX1ZO8,2017,1,1.45
EDHYJQ8,2017,1,2.47125
GH64RVN,2017,2,2.9125
CM83H2G,2017,3,2.98125
8OD2LIC,2017,2,3.01125
FO8FOQR,2017,2,1.175
6J63MZB,2017,3,2.025
QS16KJC,2017,1,1.775
14GMA6Z,2017,3,4.9625
FLCWC23,2017,3,3.78875
8CVIQJ4,2017,3,4.2125
6TVB4H0,2017,2,1.125
JXRV1XO,2017,3,3.99375
Y1DGBXR,2017,1,2.975
O8LMI2N,2017,1,4.35
FM54C7Z,2017,3,6.4225
569LQJC,2017,2,0.5375
0UAPTDS,2017,1,3.48125
KLKXUB0,2017,2,4.0375
8GGUP3Y,2017,2,1.81875
S462QPQ,2017,2,3.2
MRTOZQD,2017,3,2.7875
E8A9DX6,2017,3,3.16875
8YB2RPV,2017,2,2.5125
AJR1JV8,2017,3,3.0125
E3RIMXW,2017,2,3.675
J9EBGD1,2017,2,4.55625
PDAKL17,2017,2,1.9375
SEUG13S,2017,2,5.175
9DUWO7T,2017,3,1.4125
5HRP0LB,2017,3,3.4125
J1RZNZU,2017,3,6.11875
UM1OY58,2017,2,2.3375
09B11R8,2017,1,3.60625
8RB970R,2017,1,0.975
42IOTIS,2017,1,3.3875
V3EIGC1,2017,3,3.4375
AT2FKFF,2017,2,3.15
VPBSQPG,2017,2,5.125
FWH418C,2017,3,2.04375
QY57FGY,2017,2,2.9375
Y22HKI8,2017,2,1.775
XTOR1HT,2017,2,3.9375
MTNEYI9,2017,3,5.10625
YDD751F,2017,2,4.39375
5JZHP0X,2017,3,1.975
T7M1XTR,2017,3,1.6775
6M10DUT,2017,2,1.7625
HJQPXJE,2017,3,3.3125
VQZEKQI,2017,2,1.33125
4IWY6YW,2017,3,3.4125
ZTST55B,2017,1,3.8375
B5U5SWZ,2017,2,3.09375
36Y1Z39,2017,3,4.31875
WAT99IS,2017,1,2.7375
B994CP5,2017,2,1.5125
06FI5XR,2017,3,0.33125
ZWQQ9HU,2017,1,1.5375
4BOBSTA,2017,2,2.7625
DLEHU17,2017,3,3.18125
LQ5SF2V,2017,2,4.5875
0O0G83M,2017,2,1.05
URIFPAV,2017,1,4.175
P82M2XK,2017,3,4.4
IT6G74U,2017,2,4.26875
UW8IFPH,2017,2,4.66875
WP9UPIS,2017,3,3.8
JO8S3HR,2017,2,0.2475
EPC3ZI7,2017,2,5.85625
E1R8CR1,2017,3,4.0875
JRJGRK0,2017,1,0.85
SV99T7F,2017,2,2.8375
IIAR6DJ,2017,2,2.1125
YRZLXWJ,2017,3,5.72
84YX025,2017,2,2.2375
63TQV9P,2017,2,2.40625
594KOAJ,2017,2,2.88125
C5SR5L2,2017,2,2.25
JSMSIP4,2017,2,2.44375
EZP4FNR,2017,2,4.64375
DEJ2F2M,2017,3,2.4375
JEAWN8K,2017,2,3.29375
2KLAIES,2017,2,2.78125
4P9JXZS,2017,3,2.025
LKZ2HYC,2017,3,1.2125
PUVKPQX,2017,2,1.5325
QHAA3IR,2017,2,4.5125
D0Y761K,2017,2,0.825
ZD60Y80,2017,3,2.79375
QOQNOXC,2017,2,1.55
PXMVA76,2017,2,0.8375
I3YD04O,2017,3,1.75
2VTTS34,2017,2,3.7875
HLX38RZ,2017,2,2.50625
LJJHNUW,2017,2,1.26875
8UTYBNL,2017,1,2.50625
NQ5FFN5,2017,1,3.2875
S87QJ80,2017,1,1.46875
DAR9SBL,2017,2,1.25625
IE0D87O,2017,1,5.7375
HRPNUJR,2017,1,2.8875
1DF46JA,2017,2,5.1
ILPA6YE,2017,3,1.75375
M1AIKYN,2017,2,1.23125
1XG9YAZ,2017,1,1.18125
SJVUO2M,2017,3,3.575
EC28FR3,2017,2,1.7625
T4J2NQF,2017,2,1.90125
XOGCAXY,2017,3,2.7125
XE2QGUS,2017,2,3.0
CU0ISXN,2017,2,3.53125
5DI574B,2017,1,2.85
A9UEX32,2017,2,0.73125
LJ6HZ82,2017,2,1.1625
M82B4V3,2017,1,1.41875
ZJVWIGD,2017,3,1.8625
SL2B0MI,2017,2,1.7125
DWFYOF0,2017,2,3.64375
6Q8HK7Y,2017,2,1.7875
9U4TJRM,2017,3,3.65
REYCNSY,2017,3,2.25625
VBSDK7Y,2017,2,2.55
KNH8ZWZ,2017,3,4.9875
BN6K7ZJ,2017,2,5.2125
CZDEH0F,2017,3,5.33125
GEMX96Y,2017,3,1.9125
HJH5K14,2017,3,1.675
78J0X8B,2017,2,1.0625
53AZA8A,2017,2,3.55
U59CM1W,2017,2,2.1875
ISROD37,2017,3,4.5
94PLMHG,2017,2,1.625
8WD5SB6,2017,2,3.75
I1E2RNP,2017,2,1.73125
BK0GR1Q,2017,3,6.40625
BRC5NZL,2017,3,3.78125
I2Y4O0P,2017,3,1.25
RI0UGST,2017,2,1.48125
ZQZNTBF,2017,3,0.91875
FXNCDV3,2017,2,3.61875
KXWF2I4,2017,3,4.675
JWQCOA7,2017,2,1.53125
9LYRD0X,2017,2,1.24375
LFTLT7Z,2017,3,2.8125
OZZUZ5J,2017,3,3.8375
ADZ4MJ0,2017,1,2.075
G7C4VGS,2017,2,1.9125
BXVV5MV,2017,2,1.68125
81RLYB6,2017,1,3.18125
I3QAAVG,2017,2,3.5875
195DRPZ,2017,2,4.54375
4K19KQW,2017,3,1.90625
SXT2RSN,2017,3,3.15
ZU6I0ME,2017,3,5.125
BQV7CQW,2017,3,0.99375
MF9M975,2017,2,4.88125
KCE0IP9,2017,2,3.2125
SSGHMR8,2017,3,3.60625
1QMHQTJ,2017,2,1.91875
DK1RHRO,2017,2,1.675
ZTFYO67,2017,2,1.78125
JPBJLIW,2017,2,3.0375
KZQVB2V,2017,3,1.375
2PD4LJI,2017,2,6.39375
Q3THNID,2017,2,4.05625
RTAKP8M,2017,3,4.1625
QJCFVL9,2017,3,2.46875
NXLZFW6,2017,3,7.575
L17O2CK,2017,2,0.89375
IOOJXNB,2017,2,4.9625
0JOZ1X9,2017,2,0.9
QG6U0UW,2017,3,6.5
U6ADNZE,2017,2,2.00625
WPF8FAW,2017,2,2.7875
OA8KTAW,2017,3,4.1125
JZMWTNV,2017,2,0.65
XVWW7QK,2017,3,4.00375
908O5WS,2017,3,2.45
DBA4MXV,2017,3,1.96875
AYOU6ZE,2017,3,2.64375
LZB066P,2017,1,2.41875
F252FI6,2017,2,1.6
Z5T6QTI,2017,3,4.56875
807W58E,2017,2,0.92625
0USMP4U,2017,2,2.51875
BH0WLN9,2017,3,1.84375
PPYYYZT,2017,2,4.54375
6JEVEMB,2017,2,2.175
01NFH0A,2017,2,4.9
9QBB9RF,2017,3,0.8875
KEB8GES,2017,3,3.71875
7PCEDXN,2017,2,4.525
8TI2RZQ,2017,3,3.4375
KK06HZ6,2017,3,3.85625
BS4E1JP,2017,2,4.75625
FMWLVR1,2017,1,4.90625
W9P8MON,2017,3,2.975
FHXQLVA,2017,2,3.4
5JXNL06,2017,3,3.7375
4KWYCN9,2017,3,4.6
CNBC6G6,2017,3,2.375
KZ0JAP7,2017,3,1.53125
CDG0USA,2017,1,3.6375
3X629YG,2017,2,0.86875
3IQ9QQV,2017,2,0.93625
SWWP79E,2017,3,1.55
XLHK2AQ,2017,3,3.8875
P51BE6D,2017,2,3.75
JF71ZD7,2017,3,5.0375
92IWSH1,2017,2,5.425
GJR8IZQ,2017,3,3.6125
676LWNZ,2017,3,3.1625
SDNIZZR,2017,3,3.0125
AYKNNYF,2017,2,3.5
EHNR4MW,2017,3,5.2
1XDMN3X,2017,1,2.95
V0P4N1T,2017,2,5.6
7VUO1UO,2017,2,4.5875
LDVDVU5,2017,3,3.8125
QATTRQS,2017,2,4.25
8RPS609,2017,2,1.3125
XFO057O,2017,1,1.3
V02ADFC,2017,2,2.9675
5YCDLMJ,2017,3,3.8875
7K3XFYJ,2017,3,1.38125
PHP9EOK,2017,3,5.125
HPYHOHF,2017,2,2.85
KLV9WTQ,2017,2,4.225
TG8JTOI,2017,2,1.6875
Q9GBWRK,2017,2,2.15
8R1Z06I,2017,2,3.8375
VVD0ME9,2017,2,3.3375
EQPSBSQ,2017,2,2.325
Y6ZNM6I,2017,3,4.4875
U87WA8V,2017,3,5.275
2CBNAZL,2017,3,1.58125
BN63AY5,2017,3,3.1125
DVJ2ONI,2017,2,0.7
PAJNB4O,2017,3,4.775
2TU811T,2017,3,2.3375
FT9BY5R,2017,2,1.65
KK5RRRK,2017,3,1.5875
Z2HRUPV,2017,2,3.2625
N24I68E,2017,2,3.1
2A0PLRE,2017,2,4.40625
EJLS19L,2017,3,5.05625
KDBIIU5,2017,3,3.5
FXIT1PK,2017,3,1.7625
BKR9LPF,2017,2,0.76875
GMAQR7F,2017,3,5.51875
VLGEY8F,2017,3,4.725
UXLHGEV,2017,2,0.71875
K4VESTG,2017,3,1.15
AA6TKB9,2017,3,4.475
5Z6TQ9X,2017,2,5.34375
J9KJGG3,2017,2,2.7
NXKA760,2017,3,3.6
Z18NQ05,2017,1,1.5
R57GGCD,2017,1,0.76875
N9N15OU,2017,2,0.85625
7IV90QH,2017,3,2.375
RZXBBST,2017,3,6.00625
QFWAVYY,2017,1,2.4
BJN8BZA,2017,2,3.725
QBZ5Y7L,2017,1,1.4875
0AAFL0Q,2017,3,2.6875
2HO6G7V,2017,3,2.825
KJBI5Q9,2017,3,5.89375
16K82HQ,2017,1,4.68125
I4SIEXC,2017,3,3.1
G5UAGI3,2017,2,7.60625
P2KU4CO,2017,3,2.625
W6VIB5A,2017,3,2.01875
T8L6C4Y,2017,2,4.3625
TB78QIZ,2017,3,3.00625
KXC5XRL,2017,2,4.50125
TYXZCI2,2017,3,1.825
W6HNHS0,2017,2,4.1375
RLQ2OP6,2017,2,1.5
Q5BWMKQ,2017,2,0.68125
PMJFVNY,2017,2,4.63125
LF3MV3G,2017,3,4.74375
6K3G17H,2017,2,6.04375
41Q786M,2017,3,2.34375
PQLCW8Q,2017,3,5.14375
J8H7QFJ,2017,3,3.78125
UOO4JO8,2017,2,3.2775
DON5BD8,2017,1,1.7375
MG6BSFY,2017,2,2.1625
M5817P0,2017,2,0.24375
R3LVN9Z,2017,2,2.59375
ZTWL08F,2017,2,2.06875
M6CT6ND,2017,2,3.6875
MTSEEF4,2017,1,1.475
G9DW4G8,2017,3,3.69375
OVD4LOV,2017,3,2.79375
E0YJK7O,2017,3,1.35
B57PCRO,2017,2,3.15
5RIC9TF,2017,3,6.7625
7ZYZREE,2017,2,3.675
RYVQ37F,2017,2,4.10625
WL846HS,2017,3,2.54375
HPXG507,2017,2,2.7
A2VLX6V,2017,1,1.45625
NROW1ON,2017,2,0.4625
VNSIXQ9,2017,2,3.1375
9206VX7,2017,3,0.9125
2B7P6CR,2017,3,3.2875
60M5DOC,2017,3,3.1375
CMUWBEE,2017,3,2.125
QWJ9NRK,2017,3,2.36875
96ZZXXX,2017,2,1.35
396IKBF,2017,3,3.40625
E6CF8ZA,2017,3,2.5
JKTRU51,2017,2,4.1125
2PBQLEE,2017,3,4.6975
D3W1KZL,2017,2,2.46875
VDFQTEG,2017,2,3.1625
C9KUMHN,2017,2,2.225
VHRNWTV,2017,2,2.68125
OIGQFIY,2017,3,4.8125
BC0OJF9,2017,2,5.625
DNKMYDU,2017,3,4.5
UOY58RD,2017,2,3.54375
9Q5LL9I,2017,2,3.5875
O7FXZKE,2017,3,4.7
YFKYXHL,2017,3,4.4125
97691KA,2017,3,4.01875
O4BYVFW,2017,1,0.9875
W1XAYR0,2017,2,5.825
V34CD8G,2017,3,5.7125
0EC042T,2017,3,3.9375
YV4UD71,2017,2,6.43125
CPB2Q2I,2017,2,3.75625
JEAUVDO,2017,3,3.525
QXZE577,2017,3,2.13125
9LR2Y3K,2017,2,4.4875
MWG3QZ2,2017,2,3.64375
MX9QTKN,2017,3,2.0875
8PCOVDP,2017,3,6.26875
HAHZCQA,2017,2,3.0375
98HJXLM,2017,2,4.125
2XYSR89,2017,3,1.275
7JOQS5B,2017,3,5.4875
EV5BYX5,2017,3,2.025
PMLCDXL,2017,1,2.70625
3FAIQ7J,2017,3,3.23125
SJ5YWO8,2017,2,4.8125
UV1SBLD,2017,3,6.05625
CHHT0HK,2017,3,2.90625
Q2KUWF0,2017,3,2.93125
2UHAUIL,2017,2,5.36875
IKOCIHC,2017,3,2.48125
L0XHS67,2017,2,5.01875
T0791DR,2017,3,2.5625
YD0FLTB,2017,2,5.025
821RDOW,2017,3,2.325
RYUMHZB,2017,1,2.44
7974NMY,2017,2,2.96875
O82QLDG,2017,2,3.0825
XDK02LC,2017,1,2.18
32OFTL4,2017,1,2.55875
DSWQ8W6,2017,2,3.225
U5XPKEU,2017,1,2.42
5S27AF3,2017,2,1.55
J7HMQZT,2017,1,1.78125
TA4CJZL,2017,2,3.025
4QGY1H1,2017,2,2.05
N236YL4,2017,2,4.04375
ADG3O0P,2017,2,4.28125
UJ5SCPR,2017,2,9.525
KL2N03S,2017,2,4.03125
VCX83EL,2017,3,0.5
VURK1LY,2017,2,4.1625
S14914F,2017,2,2.875
EYLEQIS,2017,1,4.525
IN12Y74,2017,1,3.6625
WBTB7NX,2017,1,6.80625
OCVC1BM,2017,1,1.9
BUDLPZI,2017,1,1.0
28XCEOG,2017,1,2.05625
4JQLVV5,2017,1,1.4625
A4KH8QP,2017,1,1.275
8IX97E3,2017,1,8.4725
A4758WW,2017,1,2.175
TQY25VB,2017,3,4.63125
J90EFSH,2017,3,4.275
56EDXUS,2017,2,3.0125
EQMXMRU,2017,2,3.58125
10F62SA,2017,3,1.6875
DIPVGVL,2017,3,4.6625
RKLIAYL,2017,2,4.38125
RMDW2G4,2017,3,3.7
T0SZK85,2017,3,3.8125
B1WG0CJ,2017,3,5.0625
4M446T5,2017,2,4.60375
2FRYD1Q,2017,2,2.0625
KLJAGXX,2017,3,3.64375
6EIIBY9,2017,3,1.15
ATX3N1W,2017,3,4.18125
Q37MOQJ,2017,2,4.775
2D6YORS,2017,3,5.775
23R1GBG,2017,2,5.42625
FZ3CRGR,2017,3,2.9
IMM1U7L,2017,2,3.16875
125H4EO,2017,1,3.96125
EGWA7F7,2017,3,3.5875
77P46O9,2017,1,4.555
U4PDY1J,2017,3,3.13375
WB492HZ,2017,3,5.78125
85QP7VK,2017,3,1.60625
ROY4D2B,2017,3,4.075
24M9LLM,2017,3,3.58125
O4F277C,2017,2,1.5875
3MBJRYB,2017,1,1.625
D52TSFA,2017,1,2.3125
LGKQ4OP,2017,1,1.26875
ZQ8AZOR,2017,1,1.3125
BFAN52U,2017,1,4.375
ESESYT2,2017,1,5.88125
E3WV028,2017,1,3.9375
QEOWSGM,2017,3,4.5625
2DQJ6LV,2017,3,2.575
XS07T14,2017,3,5.44375
40IZ6IN,2017,2,2.3175
OKCGR5S,2017,1,3.3625
G9VEDKE,2017,1,4.0625
MH5Q1CG,2017,3,0.625
DPI1JE4,2017,2,0.6875
6ZCOJJ5,2017,3,3.6
PW5KIAF,2017,3,2.5
J1PV25X,2017,3,1.63125
VCY2DBU,2017,2,1.66875
ZHL9XSD,2017,2,1.10625
GXF8SYG,2017,2,2.4875
Z8TXSZG,2017,1,3.79375
MOWWQCM,2017,3,0.80625
66R30EJ,2017,3,5.9125
SYEHHTO,2017,3,3.875
5POC9KA,2017,3,1.21375
N9KFYQC,2017,3,6.40625
BEQE0G5,2017,1,1.725
UC5OZWF,2017,3,1.325
8IXJ6S9,2017,3,4.55
6TZOSLD,2017,2,2.375
VY39LPN,2017,2,3.625
Q6PRWA1,2017,2,2.9
P563X6G,2017,3,2.26875
NDFADV6,2017,1,5.6875
TIJFHNC,2017,3,3.14125
ASAMVF2,2017,2,5.4
8IZU7RJ,2017,2,2.96875
06MZI49,2017,2,2.03125
0RFARVL,2017,2,1.1375
RIA05SA,2017,1,3.04375
WKX22Y5,2017,2,1.21875
ZQ6BTS6,2017,2,3.41875
YVH1O5Y,2017,3,4.63125
N4N3A7J,2017,3,2.9
SCGO4LX,2017,3,3.33125
FY272OT,2017,2,2.2
BNFNPN0,2017,2,2.78125
73V2KPZ,2017,2,1.53125
DT13GFL,2017,2,2.685
W56UB65,2017,3,1.725
2106ZTS,2017,1,1.9
Q5171P3,2017,2,1.975
U9IDEIL,2017,2,0.84375
ITGGV3M,2017,2,1.73125
881ENJL,2017,3,1.3
H3YG3C1,2017,3,1.7125
3SIOTTI,2017,2,1.84375
6ZVU3I1,2017,2,1.8875
9ROH3AY,2017,2,1.59375
GS4VKPX,2017,2,3.4625
DQCWB38,2017,3,2.8625
GNE135R,2017,2,2.4375
8V16PUN,2017,2,1.9125
MZ6W881,2017,2,1.0125
OSEIGGV,2017,3,7.3625
33F868K,2017,3,1.11875
V336G5D,2017,2,4.50625
67UQ1YL,2017,2,2.05
SG48740,2017,2,2.165
V6J9GLV,2017,1,3.3
2N8N3Q9,2017,3,2.35
PZ0TZBK,2017,2,2.0
2XQOHPM,2017,3,5.675
XU3R8X2,2017,2,4.8075
MMQ2GKU,2017,1,1.8625
IHWWQH6,2017,3,0.61875
X9YQFJ1,2017,2,3.175
PK8OU6F,2017,3,2.06875
KYZ9HU3,2017,3,1.8625
NC32KPC,2017,2,2.20375
PDTYVWK,2017,3,2.7675
YARR7LW,2017,3,2.7375
BT0KDDB,2017,3,1.48125
J8ZV81V,2017,3,4.175
GZAC61I,2017,3,0.975
LBVT5LE,2017,2,2.375
EAGEH29,2017,3,2.9125
DB59IDH,2017,2,2.56
S3O7O7Q,2017,2,3.01875
BODXTQZ,2017,3,6.325
D16MO3S,2017,2,1.35625
5UWKZZ3,2017,2,1.35625
KDDEOJI,2017,3,3.84375
ZZURETH,2017,2,4.0
CLJCTL9,2017,2,4.13125
C6ZEAAD,2017,2,4.56875
93VS1XX,2017,2,2.2
H4GM8CF,2017,2,0.80625
5J8B0ZR,2017,2,4.79375
0IOHWHR,2017,3,3.30625
2HBXTB4,2017,3,8.06875
O228YT4,2017,3,3.3625
EC4CQK5,2017,3,4.0625
MURYWAO,2017,2,1.9375
B2DDJDU,2017,3,2.39375
U8M3407,2017,2,2.6875
R7FZ8YC,2017,3,2.315
NIR3BCH,2017,3,0.5875
OBH1IE4,2017,2,2.86875
S13HHUX,2017,3,1.6125
LRIJYJL,2017,2,1.94375
FHXNBHS,2017,3,3.875
A9PMET7,2017,3,1.3625
P24ZIUI,2017,3,2.13125
HLDH2GS,2017,2,1.78125
4NKG26O,2017,1,5.5125
IYRB0F7,2017,2,2.56875
KYUPMQP,2017,2,3.66875
ENCTEIR,2017,3,3.00625
375KLI1,2017,2,4.025
V31SU5P,2017,2,3.34
77SXVO4,2017,3,2.4125
RAMUWG9,2017,3,2.90625
VK53YOQ,2017,2,3.5625
F55GNGE,2017,3,3.64375
MFIOP1M,2017,3,1.5875
VWFQUDF,2017,2,5.3625
CL4WJDD,2017,2,2.125
FT90WVR,2017,3,3.26375
AW8BZWF,2017,3,3.375
GGSRRNV,2017,3,2.3625
NJZHCFQ,2017,3,2.3875
0AYB1QS,2017,3,1.44
W9UY2EW,2017,3,4.3
IWLTQXK,2017,2,2.00625
GMP74A6,2017,2,3.10625
KMONH8L,2017,2,1.4875
8G4XZTI,2017,3,6.16875
OU6NK6A,2017,3,2.06
2MIAH4A,2017,2,1.63125
RFOD36D,2017,3,0.5625
YRKQLZP,2017,3,1.0375
9KXWR7C,2017,1,1.0
2QX7JZ4,2017,3,2.875
40G42WB,2017,3,1.6875
0OCOHIA,2017,2,3.8625
5TLNGXW,2017,2,1.2375
AGS6IPD,2017,2,1.75625
U2EF9QN,2017,1,2.1625
E5HR3IC,2017,2,2.5625
XWKLS3X,2017,3,2.5625
ZDMVOLG,2017,3,1.5625
65U937N,2017,3,3.1875
H941NMQ,2017,2,4.28125
QJZWB87,2017,3,2.375
58RN2VG,2017,2,1.425
5INJCDT,2017,2,3.875
19JNGVW,2017,3,3.09375
UGPLJF3,2017,3,4.2
UN1AGIN,2017,2,5.2375
028HQC5,2017,1,1.24375
MWEJ3L8,2017,3,3.425
ITCCH9D,2017,2,0.7625
1UFQDW6,2017,3,3.58125
ZW07FAD,2017,3,0.50625
ZVI8UFX,2017,3,2.025
Y1D8A6S,2017,3,2.275
KTE0TUB,2017,3,7.21875
TCCPP5J,2017,3,4.75
CM7TAN2,2017,3,3.3725
VNWVTHQ,2017,3,0.9875
2QO0WGF,2017,2,3.3125
ZCGHM90,2017,1,1.175
1KQFF1T,2017,2,4.625
S6SSZ4V,2017,3,2.79375
C9XOCAH,2017,2,3.125
93BITLK,2017,3,1.6875
0L6PQNJ,2017,2,3.175
60US5N0,2017,3,3.11875
4ZWX9YD,2017,2,5.125
141OCRS,2017,3,4.625
5TKDZDF,2017,2,2.05625
H00ASUX,2017,1,4.75
MIUKJBD,2017,2,3.4375
FNNQNWS,2017,3,3.5625
03WUPNP,2017,2,1.8625
N2AZTKQ,2017,2,2.1375
ZT2XCZ7,2017,1,1.59375
I9PVAD5,2017,2,3.6875
LQN84I9,2017,3,5.4525
9NO61O2,2017,2,3.0875
5DJREZY,2017,2,2.58375
U8OX6BO,2017,3,2.18625
58YNHDH,2017,2,4.375
386FS13,2017,3,1.2375
J1JTASF,2017,3,4.3375
VDA4NR8,2017,2,1.125
RE17VO3,2017,2,4.0
QBHUM8R,2017,3,3.81875
YSOHIAY,2017,3,2.0
QEZGFJB,2017,2,4.8625
2ZB8OUR,2017,3,1.875
IHC25V0,2017,2,2.75
RMWNOXL,2017,2,5.7
BZT74ZY,2017,2,2.40625
FIG1NFQ,2017,2,3.875
ZL5IIV3,2017,2,0.875
26W1X1U,2017,3,0.55
TU8Z3R5,2017,1,0.76875
IB0AZLO,2017,2,3.5
N8PGW00,2017,1,4.9125
HI8DG61,2017,2,3.5625
3AI0QIK,2017,2,1.91875
ZQKHKTP,2017,2,2.0
7PY5TOX,2017,1,3.625
P02D9L9,2017,3,5.8625
4YWVEZM,2017,3,2.26875
40RVK2M,2017,3,2.69375
RUY4XMF,2017,3,2.8
W67PIBV,2017,1,2.86625
8F9NHIX,2017,2,2.56875
UUEQ4HC,2017,3,1.94375
R08DDE3,2017,2,2.16875
SNIJPBQ,2017,2,3.1375
LKXOTKU,2017,3,2.96875
AU2RSR9,2017,3,3.8875
3TBNEYT,2017,3,1.4125
MLNX7O4,2017,3,3.8125
144GQTP,2017,1,5.125
PEXUDG0,2017,3,3.875
606BWH8,2017,3,4.9
NE8DJNQ,2017,3,3.75
S7C1X2X,2017,2,3.15625
QCA1D1W,2017,3,6.125
YSRDRX5,2017,3,4.25
19SR3I8,2017,2,5.05
SRE5NFR,2017,1,4.775
ARIBERZ,2017,2,3.38125
EH75E02,2017,2,4.39375
UIE073H,2017,2,3.7625
KMXFNQU,2017,3,3.26875
D4RNZTS,2017,3,3.6125
860KUX1,2017,3,0.86875
C47KBJF,2017,3,4.625
48DMGMP,2017,3,0.93875
YBTNW43,2017,2,2.69375
H1YKDOL,2017,3,4.51875
RYGIGPP,2017,2,3.20625
LCQU1CV,2017,3,3.94375
LUEV50S,2017,2,3.48125
IAAR84H,2017,2,3.48125
C7HY9E7,2017,2,4.46875
C1G7E4T,2017,1,0.43125
OSIZZXZ,2017,3,1.5125
FJIYDO8,2017,2,4.46875
26JICZK,2017,2,5.93125
IEZROJ1,2017,2,1.55
JY6JISY,2017,2,2.5125
TVEPU9V,2017,2,1.3875
NA56R5E,2017,3,4.7625
XIHJ0LH,2017,3,4.7625
OFW4S3Z,2017,3,2.125
WZP4KZO,2017,3,1.1625
X9JQR7G,2017,2,2.59125
J7FFBKY,2017,3,3.65
JZOTOGU,2017,2,3.00625
MQIK8PQ,2017,2,3.85625
FN92BT7,2017,2,2.80625
2V289BO,2017,2,5.25625
3V96TGD,2017,3,3.7
DKOE5FC,2017,3,2.6125
AVN8OD2,2017,3,4.0625
5QJAVW5,2017,2,2.2625
QIIHEUH,2017,2,4.62125
EWHHKD2,2017,2,5.09375
J95QDSD,2017,1,2.0875
OU3B6QX,2017,2,2.04375
HYZIXVG,2017,2,2.575
VCY10ME,2017,2,4.3125
WJN3AOC,2017,3,5.425
DMRGCZG,2017,2,1.9625
3PAQX1W,2017,3,2.0
0JKC3YX,2017,3,5.00625
PJIOGFD,2017,3,3.625
DQZLPF5,2017,3,0.86875
SFZGSUO,2017,2,4.375
JXKAVYK,2017,2,1.9625
B2031T0,2017,1,2.34
P6JNQUJ,2017,2,7.66875
TCBGFVA,2017,2,5.5625
SGYLR1G,2017,3,3.0125
P57A6K0,2017,2,1.3375
1R3OEHT,2017,2,2.2125
OTYXP9F,2017,3,6.375
X2MQFEA,2017,2,4.31875
QMSWFE6,2017,2,3.51875
ZCXW7F3,2017,3,4.35625
XWBCY05,2017,2,1.26875
A042DLU,2017,2,1.3375
CUJ76XY,2017,2,3.25625
PKDJ748,2017,2,4.2125
B7XMZ3N,2017,3,0.23125
MQS6VSH,2017,3,3.8
FTVUAD3,2017,2,2.0625
VLLRW8S,2017,3,2.65625
NPTNN5U,2017,3,3.0625
OVDNS4N,2017,1,5.5
6LXK4WM,2017,2,4.3125
VQS8QAK,2017,2,0.825
43EE4E7,2017,2,4.225
NIHBBDD,2017,2,2.1125
T3M7IC4,2017,2,4.78125
MFRJLLQ,2017,3,1.59375
G5XJXKX,2017,2,2.125
L9DRKLP,2017,3,3.33125
OR89KG2,2017,3,2.84375
DAM5K1H,2017,1,2.35
U0W4MPH,2017,3,2.1625
U0KY8B9,2017,3,0.99375
2HB7667,2017,2,2.1
KE9KGEA,2017,2,2.1
RS4NC3R,2017,3,3.75
11B7N22,2017,2,5.76625
CRP702O,2017,3,1.0875
DJCQUZL,2017,3,1.025
X5RA9YD,2017,1,1.275
5UJUQFT,2017,2,0.46875
ISXTIP4,2017,2,2.05
NEP878S,2017,2,3.55625
UIH8DGP,2017,1,3.2875
H4VZLA2,2017,3,0.31875
440L92Y,2017,2,3.125
GNA41E3,2017,2,2.78125
IPDHBFB,2017,3,3.85
ADCS03H,2017,3,0.29375
MARD2PY,2017,2,3.115
A68TXPL,2017,2,1.30625
92YFCUD,2017,1,1.03125
UJ8EA8G,2017,3,6.65
JZAVY5X,2017,3,3.19375
5O5N6SI,2017,3,4.80625
5O7YAG1,2017,2,7.89375
R8RTDJJ,2017,2,2.3375
YJCJ0F2,2017,3,2.0875
OL2XLRE,2017,2,2.5625
0HH6VRK,2017,3,3.10625
SG7FHYS,2017,2,2.1625
YN53C96,2017,2,3.31875
QI7XB4S,2017,3,1.55625
XZHJFA5,2017,3,2.075
T0JN917,2017,2,1.7
9G8Q7OY,2017,2,1.95
9EHL835,2017,2,2.29375
17P5BT8,2017,3,4.45
2UBMFZS,2017,3,4.61875
D0JF42G,2017,3,2.51875
O0AKBKF,2017,2,0.90625
P9D3IKB,2017,3,3.2
W8ATAUO,2017,3,1.575
O47CZAK,2017,3,3.6375
NDRRH75,2017,1,0.48125
HOFSKQ4,2017,3,6.59375
VCP7DD2,2017,2,5.875
6ORE571,2017,1,6.2875
3SX6DIL,2017,2,3.66875
155NRH9,2017,3,2.11875
KG73GVF,2017,2,3.94375
Q3E4O4F,2017,3,1.04375
2LA9C4Z,2017,3,4.29375
CV3TAZ1,2017,2,4.975
ORXRGI5,2017,2,3.1
SWTE3WG,2017,3,5.6375
WZ4F1XK,2016,1,1.391
L3XXG80,2016,2,1.391
F6TURSZ,2016,2,2.0869999999999997
BBEFUP4,2016,3,2.131
FNOIHI2,2016,2,3.1889999999999996
2RWBEXY,2016,3,2.019
CGPWX8H,2016,2,1.525
3VIOLPI,2016,2,4.606
TRU2EL8,2016,2,0.0
N22D7AH,2016,3,0.9440000000000001
XCQC656,2016,2,0.875
7CWZCEJ,2016,2,1.025
M8IBFQD,2016,2,3.406
EU5YBLF,2016,2,0.631
2JAJUJC,2016,3,4.756
HQDST2K,2016,3,1.631
ZMLNKAC,2016,2,0.625
VBMHBPY,2016,3,5.138
OMEHMSY,2016,2,4.519
YZ8HDQN,2016,3,1.625
XZHP90Z,2016,2,1.75
U5ZEEQZ,2016,2,1.3119999999999998
VBACQVJ,2016,3,2.3
PAQHPRW,2016,3,1.7690000000000001
RWF212S,2016,2,1.5
KTZ0MXP,2016,3,3.613
JWB71L7,2016,1,4.456
Y2WD1HK,2016,1,3.6630000000000003
051V3LF,2016,3,1.0
YFQJA2J,2016,2,1.525
HT2DPUV,2016,2,0.988
AGG0EUT,2016,1,0.8059999999999999
GK9GL5W,2016,3,6.8870000000000005
LEW0J7F,2016,2,1.4069999999999998
XF3XHGR,2016,3,1.906
WTIIEQV,2016,2,2.237
GJDSB92,2016,2,2.938
RJO7559,2016,3,0.5379999999999999
2OC56VN,2016,2,2.938
Y8GEU01,2016,1,1.412
UET1Z19,2016,3,5.05
69KPB1Q,2016,1,1.6059999999999999
S5N1DP1,2016,2,1.925
OGD5IAI,2016,3,0.256
YZ0934U,2016,1,1.575
0WB522G,2016,2,4.944
2UXPXY5,2016,3,2.592
1GBOVES,2016,3,1.975
W8K6KZO,2016,1,1.725
FGDRS2F,2016,2,1.494
E4KR2ZA,2016,3,1.9880000000000002
EX38XVM,2016,1,3.605
HOBJAUF,2016,3,3.58
TBJ2MTU,2016,2,0.0
3JBSNX0,2016,3,4.431
D0K0PJH,2016,1,1.7309999999999999
9EH3MMQ,2016,3,4.144
XGEESME,2016,2,4.625
GGD4GFX,2016,3,0.75
AR74M2C,2016,1,3.469
834I6X3,2016,2,5.888
HXEQ2P4,2016,1,3.3
F64E5LZ,2016,3,3.013
1ON0B3P,2016,3,1.837
BKXVQ73,2016,3,1.5619999999999998
MTBT832,2016,2,3.1189999999999998
GKYLSXZ,2016,3,2.387
G2AETJJ,2016,2,1.062
JTW12LC,2017,1,1.50625
E1MVD22,2017,1,2.7625
8PZMFV9,2017,1,1.49375
WXQ3I32,2017,1,2.86875
GS58H02,2017,1,2.8625
Z147J7H,2017,1,3.15625
YXYICRK,2017,1,4.8375
1YMQENK,2017,1,1.5825
ALWTU6H,2017,1,7.06875
84C7NSO,2017,1,2.80625
GKB3PBE,2017,1,2.8
G81GIDK,2017,1,1.7125
W4TAB56,2017,1,2.8875
J53ESQR,2017,1,2.43875
L9HUWVS,2017,1,6.25
1VUC0E7,2017,1,2.8125
24NJYBH,2017,1,5.125
7WABN0H,2017,1,2.8
JGXLD75,2017,1,3.16875
8PHDVHM,2017,1,7.5
YN2N8UM,2017,1,10.0725
MYFL185,2017,1,3.65
7Z6F917,2017,1,1.5
0PZK8LC,2017,1,1.28125
PWRJLJL,2017,1,5.5
XG7O23L,2017,1,2.5
SDOCAW7,2017,1,2.9375
O4K7M51,2017,1,5.09625
0KOUSRY,2017,1,6.05625
DDVOE26,2017,1,14.45
F1MYON2,2017,1,3.6875
U0ZR6L2,2017,1,3.5
MOIKKH1,2016,2,3.513
2T257O3,2016,2,2.5
QC6EKS9,2016,3,0.925
0C24Y6K,2016,2,1.8119999999999998
SXKLUIK,2016,3,5.906000000000001
KJWHHJR,2016,2,1.013
QI8XOML,2016,2,0.644
200ZXLP,2016,1,1.794
XONXQG6,2016,2,2.6060000000000003
F3Y9XW4,2016,3,2.763
VO7ADOU,2016,2,2.7
RFHKRIO,2016,3,4.9
QDSLOKR,2016,3,2.125
G7LTQTG,2016,2,0.775
MKXH598,2016,3,1.5
HRJ6DPG,2016,3,1.931
5ZOZ3XU,2016,2,1.556
XHODRPG,2016,3,3.912
715RC5O,2016,2,2.0869999999999997
E6LS4ZL,2016,3,0.975
T1O7NOZ,2016,3,1.425
BEBUR5M,2016,3,3.3369999999999997
UC97HCY,2016,2,1.306
JN3NN5Q,2016,2,3.3689999999999998
Q27YA93,2016,2,1.8619999999999999
0RZORBR,2016,2,0.631
XFDYH58,2016,3,1.456
20JYCZS,2016,3,4.369
RD79AQY,2016,3,3.562
TNEALBH,2016,1,0.625
DVG46NS,2016,2,2.256
MSDEYOD,2016,1,1.4
AX63VFB,2016,2,2.531
EOFKXJM,2016,3,2.7119999999999997
FVJGRBG,2016,3,2.5
ITHHNOZ,2016,2,0.0
54BSUU1,2016,3,0.85
9LH3J5D,2016,3,1.65
8P2064O,2016,1,1.4380000000000002
PA759VB,2016,3,1.3119999999999998
1Q9VJMN,2016,2,0.75
Q62QALK,2016,2,2.056
ACRYIAN,2016,1,1.75
KUOM3BS,2016,3,2.069
V260EAP,2016,3,2.7880000000000003
D2EROYN,2016,3,2.312
6O1XDIF,2016,3,0.3
2B7XRNJ,2016,3,2.106
B1M83FI,2016,3,5.531000000000001
KW5CPMG,2016,2,0.225
YCNP8A0,2016,2,3.0
WA1YJTO,2016,2,5.55
OW3F3T4,2016,2,6.031000000000001
DRBLH15,2016,3,1.338
7S6UMCA,2016,3,1.169
C6RBSJA,2016,3,2.494
JPB7R0E,2016,2,1.206
2QEJFWP,2016,3,3.9189999999999996
SF3EIYV,2016,3,1.6119999999999999
7ETALV8,2016,3,1.837
M4HUEG7,2016,3,4.506
ZGC74EY,2016,3,1.807
S6X17E0,2016,2,0.812
E0GPAG7,2016,3,4.112
1EUBFTQ,2016,3,4.269
T4UIO2J,2016,2,2.75
PZ49MI0,2016,2,4.35
2KHGQ2K,2016,3,1.8619999999999999
2T4H7S3,2016,3,4.5
HIKQKS7,2016,1,1.6880000000000002
2XTGUYP,2016,2,3.969
EQB8NI9,2016,3,2.1630000000000003
43Q5CF5,2016,2,3.8689999999999998
PKQD76F,2016,3,1.238
MWBCM2D,2016,3,5.15
N79064W,2016,2,1.5119999999999998
4RI1BA2,2016,3,5.218999999999999
0O68D3S,2016,3,1.719
F77C4QA,2016,3,3.0380000000000003
11D56CN,2016,3,0.875
UH6YM70,2016,3,2.438
3WT65NH,2016,3,1.8559999999999999
8H95LD0,2016,3,2.562
MMG9KDV,2016,3,0.0
MWHUP3N,2016,2,2.062
XKBZYBF,2016,2,3.4189999999999996
86G30FT,2016,3,1.95
6PS8TY6,2016,2,1.5
V56UGRU,2016,2,0.9
1I25XRN,2016,3,2.4619999999999997
U3PA880,2016,2,2.375
P02BEQJ,2016,1,1.4380000000000002
12WJTV3,2016,3,2.544
IKCW40F,2016,1,0.0
SWLKN6M,2016,2,1.469
PWC0HB5,2016,3,0.43799999999999994
HWI458X,2016,3,4.681
27106B2,2016,3,5.438
R8PM8DV,2016,3,3.55
GYJFCVL,2016,3,2.7439999999999998
YCNDWSH,2016,3,3.5060000000000002
OCAZCLN,2016,3,2.312
L9R4DFY,2016,3,2.963
GZATWWZ,2016,2,2.15
MHGQEA8,2016,1,0.812
YZCVOMR,2016,1,3.475
KVMC554,2016,3,4.269
KFSNFI4,2016,3,1.963
O6YLDM2,2016,2,0.0
LUK882M,2016,3,1.212
KOD2LT2,2016,3,0.625
ADPJ3CJ,2016,2,1.1
LYOLMFY,2016,3,2.381
7GPSNP9,2016,2,4.938
HJBP26N,2016,3,4.938
JXNGRKK,2016,1,0.544
85MS5LQ,2016,2,0.188
9RKCUQW,2016,3,1.55
AB2C5AH,2016,2,4.713
WP0XWQJ,2016,2,0.988
VN525XD,2016,3,2.7880000000000003
DLUEF8E,2016,3,2.7439999999999998
4FGH14I,2016,3,5.756
8OOIAYZ,2016,3,1.375
Y69UWDF,2016,3,0.262
M5GU6WJ,2016,3,1.9880000000000002
6IYHPVN,2016,1,2.5869999999999997
8NLWJCA,2016,3,2.531
RI0C75G,2016,2,1.806
H8L81CJ,2016,3,2.2
AGJJVQM,2016,3,1.4
JTPAD2F,2016,3,2.8
NJ3YF0R,2016,3,2.9560000000000004
41TF7I5,2016,2,1.5190000000000001
USTWSYS,2016,2,6.181
A7SPV9S,2016,3,4.425
EW1T55Y,2016,2,0.03
OAHYSV6,2016,3,1.7690000000000001
OT86VLI,2016,2,4.0
LEND2M8,2016,2,1.9
ZAWG1RW,2016,3,1.794
5GXL5GF,2016,2,1.906
KQ3EI2R,2016,1,1.125
KWFU9FC,2016,2,2.9939999999999998
NMFJ102,2016,3,5.531000000000001
A91LSJH,2016,3,2.931
XG88J12,2016,3,3.1060000000000003
0GAUHG8,2016,2,4.582
SC4KHEE,2016,1,1.6
KLE49JJ,2016,2,2.763
RHB8UEH,2016,1,1.875
SS6LFIZ,2016,1,2.237
XNHU5FN,2016,3,6.037000000000001
XGDSFCX,2016,2,5.044
HVFVW21,2016,3,2.1
9B3HPV5,2016,2,2.0580000000000003
NKZ3E4J,2016,3,7.225
2ZDRVW6,2016,1,0.413
HYMQOH8,2016,2,2.9939999999999998
XS6ECXZ,2016,2,2.013
7XMSCJO,2016,1,4.213
SSMMMV1,2016,1,2.037
DTN8HKN,2016,2,2.006
Q0Q6X74,2016,2,5.3870000000000005
D1JL5TH,2016,3,4.425
B47B6QT,2016,1,1.412
5PRDIHO,2016,3,3.656
ZQ37O7V,2016,2,3.344
EF5K7UJ,2016,2,0.0
V64Q0HK,2016,3,2.144
XOS4DRO,2016,2,3.2
88OXJ20,2016,2,1.3630000000000002
SDHYWEG,2016,2,0.688
LTLUAJQ,2016,3,6.112
6YF8Y0X,2016,2,3.9
JET7H9R,2016,3,0.39399999999999996
ZRIS3GY,2016,1,1.113
7MD14KM,2016,3,0.625
TBMDC7P,2016,3,2.387
BRE4750,2016,2,3.8810000000000002
SUTINHJ,2016,2,1.625
MDU6U0F,2016,3,7.2620000000000005
VJLBZ77,2016,3,1.275
P86T38Q,2016,3,2.844
SWR4NVK,2016,2,4.4
1ZRT8MA,2016,3,2.312
JL5877C,2016,1,1.875
JV673LJ,2016,3,2.263
6FXKK6V,2016,2,3.8369999999999997
GCFFLGL,2016,3,1.469
JRTY0O1,2016,3,1.5190000000000001
0SE4HIJ,2016,3,0.769
FK23K9C,2016,1,1.232
6OUCSWL,2016,2,3.125
50MNNWK,2016,3,1.125
DPSICHE,2016,2,2.8810000000000002
I97JOXE,2016,2,3.475
F0FBTPO,2016,2,5.694
9T1Q1NY,2016,3,2.4
P783BH7,2016,2,0.8690000000000001
I9JMZUD,2016,2,2.938
RISTGGO,2016,2,0.0
W4XP8QW,2016,3,2.637
H8TTOCF,2016,3,3.469
YBQ5VFA,2016,1,2.688
BZ52P7I,2016,2,1.425
QDTERIA,2016,3,3.7310000000000003
6NII4UJ,2016,3,3.812
JK0M8LR,2016,2,0.562
7XVNRCJ,2016,3,2.0
LRWHWQO,2016,2,1.4
8QKKZ22,2016,3,1.4809999999999999
CHL9NXT,2016,2,1.825
WE7BGDK,2016,1,1.2
NVF092O,2016,3,5.688
CALXTT5,2016,2,1.75
DD2X41K,2016,3,2.394
NQBC7CR,2016,2,3.775
C4AJ3YY,2016,3,2.338
WNB6Z6V,2016,3,5.8629999999999995
YOZEXUW,2016,2,2.819
ESMSJ5X,2016,3,1.6059999999999999
2KKJSIR,2016,3,5.081
YWO4DJH,2016,2,5.369
W0DXWJL,2016,2,2.7939999999999996
TV4YABH,2016,2,1.281
S2DQ1P6,2016,3,0.55
JDEZCBO,2016,3,3.75
JW144W3,2016,1,4.519
7YPNMBS,2016,2,1.88
YBGAIUT,2016,2,2.9560000000000004
RSEFAJG,2016,3,1.6119999999999999
VXXBE6K,2016,2,3.887
7BQXPAZ,2016,2,0.695
7I759VD,2016,3,2.375
RKSSF2V,2016,2,1.75
V613CW5,2016,2,2.5869999999999997
UESCBY7,2016,3,3.688
SD597LZ,2016,1,3.125
ISP8EQB,2016,2,3.5
0Z6V2UB,2016,3,1.575
L3Q1X5C,2016,3,1.431
VLNXV74,2016,1,3.802
EC47SPI,2016,2,0.7879999999999999
H7K13TG,2016,3,4.569
22CSTSA,2016,2,2.056
HH8NN6L,2016,2,2.1630000000000003
W22TBO8,2016,2,1.2309999999999999
FDJN2KS,2016,3,3.8369999999999997
VW877LA,2016,2,3.5189999999999997
O4KGG1C,2016,1,0.792
XO9M5Q2,2016,2,3.762
VWFB01C,2016,1,1.75
JWDWCR3,2016,3,2.5540000000000003
J4AC6DY,2016,2,1.125
D14IV8C,2016,3,2.456
3LADRW7,2016,1,4.321000000000001
FAEKJZB,2016,3,0.9620000000000001
S15D2I0,2016,1,4.075
X7AENUQ,2016,1,3.25
U5BBNGG,2016,2,0.488
56GFPRR,2016,2,2.269
MZ73TQC,2016,2,0.7879999999999999
661A7L8,2016,2,1.589
53LS2B4,2016,3,1.9
RTIFSNW,2016,1,0.9620000000000001
6RD0SS4,2016,1,0.9
Z5AR7DS,2016,3,2.6060000000000003
YEJM41N,2016,2,5.775
4VUD7AF,2016,3,2.625
9D97SSA,2016,1,1.319
F19FK4P,2016,2,1.875
2H5Y71E,2016,1,1.625
FNRTE4Y,2016,2,2.688
N06RG3J,2016,2,2.612
1EC7D74,2016,2,2.1630000000000003
EWVZR54,2016,2,0.6
A7A75ZS,2016,2,3.875
J5AKM56,2016,3,5.6370000000000005
0W9L99E,2016,3,1.5
BO7R5CQ,2016,3,2.281
1CF5RPV,2016,3,2.6689999999999996
XPATG3P,2016,3,4.106
Q1X2M7X,2016,3,1.5619999999999998
XEP1HZC,2016,1,3.5
7D963UQ,2016,2,3.125
NS8MCG0,2016,2,1.212
8MVGCKH,2016,3,0.938
4O5UNJQ,2016,2,1.819
FA7POPU,2016,1,2.825
HJKVH9Q,2016,2,3.569
2VZZND5,2016,2,0.875
UQ9PFG4,2016,1,3.262
6JJH91D,2016,3,1.569
L9NMQ7A,2016,2,5.694
U6HZDIC,2016,2,4.062
BS2DB55,2016,1,1.425
XE7JXXH,2016,2,0.9620000000000001
WNURAAH,2016,2,1.4
L2HQDM7,2016,1,0.625
WU4A484,2016,1,1.531
AD6QZI7,2016,3,1.825
2EPON9C,2016,3,1.3880000000000001
WQSEZSM,2016,1,1.6880000000000002
VWRYXNV,2016,2,1.005
6MSVFB8,2016,3,0.7559999999999999
EYYY30X,2016,3,1.3880000000000001
C4H8VN6,2016,1,3.625
CVU0QS5,2016,2,2.625
1WCXTHT,2016,3,0.812
BYBQQ39,2016,3,2.888
IK4U8AI,2016,3,3.281
FVAE9NN,2016,1,2.35
80W4822,2016,3,0.369
15UCQSV,2016,1,2.362
C011DRD,2016,2,2.269
Z2H0MIA,2016,2,1.931
WPPDXTS,2016,3,1.087
5A6YSZ3,2016,2,2.175
2ME6C2A,2016,2,1.9880000000000002
A8PVTPI,2016,3,4.363
YOW0I3I,2016,2,4.225
EV8PYP4,2016,3,6.825
FGKE63V,2016,3,1.587
HNNUDF7,2016,3,4.2410000000000005
9JXT377,2016,3,2.325
BSB84FD,2016,2,2.25
NERB9L2,2016,1,3.7939999999999996
U3NE6CQ,2016,1,1.713
B636G5S,2016,1,4.968999999999999
9JJ1NH5,2016,2,1.412
XKTBTR8,2016,2,1.881
9EX8T5H,2016,3,3.375
JCNR8ST,2016,3,4.931
EKAWN79,2016,3,4.487
KRXYKPJ,2016,3,0.33799999999999997
HKA73RA,2016,3,4.718999999999999
X5LJBXG,2016,3,3.7939999999999996
M24BJK4,2016,1,2.5
FEFEMXO,2016,3,5.962000000000001
FJOTW1E,2016,3,5.438
TTP9Z8S,2016,3,0.988
DNNVJL2,2016,3,3.3560000000000003
S08QGZ4,2016,2,5.394
HGACUNZ,2016,2,3.0439999999999996
S5IWZ2D,2016,2,1.569
TVYLY9R,2016,2,2.7939999999999996
QB30BN8,2016,1,1.9380000000000002
2TKWC5U,2016,3,4.162
FMG8V1S,2016,2,4.75
Z7VV98N,2016,2,5.681
ZJXN64X,2016,3,1.05
HDSBD8Y,2016,1,2.625
A960OLR,2016,1,3.3369999999999997
OL71MP3,2016,1,5.688
J4LHV69,2016,3,5.718999999999999
J0TQPE3,2016,3,2.675
UWJQ4JK,2016,3,1.669
US4PFSS,2016,2,2.05
2X4ACTV,2016,2,3.125
Y2UBR1H,2016,3,0.248
7ZU4HMW,2016,3,1.381
73ZFIA0,2016,3,0.9690000000000001
T745PNC,2016,2,2.639
DRSHI2S,2016,2,1.8880000000000001
DQJ68A3,2016,2,0.506
HNIYFOY,2016,1,2.271
5A1TKK0,2016,1,1.556
9UVVXRU,2016,3,0.175
D0FF4RY,2016,3,0.0
J9Q4ENP,2016,3,5.343999999999999
NXOZXAX,2016,3,3.475
PQ2DO6Z,2016,3,3.069
NNNR6FT,2016,2,0.812
5XDHICT,2016,2,1.7369999999999999
AQH8BG7,2016,3,4.406000000000001
2097P52,2016,2,4.794
AH1Q6W2,2016,2,2.35
OSNPD2X,2016,2,4.8
K5SRL2U,2016,2,2.9130000000000003
FZ7ULHN,2016,2,5.269
CCP5I0O,2016,2,3.7260000000000004
SU8BVES,2016,3,0.0
GZAUKV7,2016,2,2.075
UOVPRD2,2016,2,6.312
3BC4SL7,2016,2,1.7369999999999999
LU18IY9,2016,3,1.5
6O3N2X1,2016,2,4.85
UGSVZAP,2016,3,2.125
G5GGYJY,2016,2,3.125
76O5W6Y,2016,3,2.013
ZB3DG7X,2016,2,2.2
H4GL1RI,2016,2,2.7310000000000003
E2ZJGBA,2016,2,1.8880000000000001
A63S3XF,2016,2,2.68
NN59Y76,2016,2,2.68
BNER47F,2016,3,2.062
0BRG4MC,2016,2,0.6559999999999999
E2VPRCU,2016,2,3.638
M8PA7EM,2016,3,2.325
1NJGV2V,2016,2,1.756
WRH2ZTU,2016,3,4.112
O46A5HO,2016,3,3.3810000000000002
LSVS7HV,2016,2,4.55
EPDCPHW,2016,2,4.175
868GJET,2016,2,5.294
8H0YS5O,2016,3,2.975
FLSWVZ8,2016,3,0.8690000000000001
HN6G80J,2016,2,1.006
1TO0O7U,2016,2,2.9939999999999998
BY6CLZM,2016,3,3.156
HRJEHRV,2016,3,1.375
7G8718X,2016,3,4.169
5LCXY1K,2016,3,4.862
WW9HF0L,2016,3,2.775
GS2CR5F,2016,3,3.1060000000000003
AYVJUBH,2016,3,0.0
IN5CVVB,2016,2,4.213
BGDV80M,2016,1,1.85
NZ8QQ0Q,2016,2,3.5
EFCOE2Q,2016,3,1.262
0PYJVFQ,2016,1,2.275
PHAMTRW,2016,2,1.125
SWD88US,2016,3,3.556
G6X0G4E,2016,2,3.8369999999999997
PQAZ1RV,2016,3,2.875
SICW4WK,2016,3,4.819
WBXKDSN,2016,3,1.381
24QNGGV,2016,3,2.8369999999999997
MVWNE82,2016,3,3.388
6YY4L2A,2016,3,2.325
3RCOGV6,2016,3,3.6630000000000003
U66OD3D,2016,2,5.175
GP2AUIU,2016,2,1.456
L1POAWK,2016,2,4.6
G46SXTE,2016,3,2.875
W2SKALE,2016,3,2.637
4JLWR9R,2016,2,3.531
5652FCH,2016,2,2.188
QDWQ7G0,2016,2,1.0
GCQ6CJB,2016,1,2.312
NPJU9Z4,2016,3,3.781
S1NBTXH,2016,3,2.083
7VDTT7P,2016,3,3.812
D61FL98,2016,2,4.363
I2BQFCF,2016,3,0.7879999999999999
C0300WN,2016,3,2.269
CO9S9RK,2016,3,5.631
WBJSSUS,2016,3,1.807
JSTQ61Q,2016,1,2.263
HJ5TNWU,2016,2,1.75
91BLDVI,2016,2,2.4619999999999997
811CNJT,2016,3,4.75
ZGDPEIL,2016,2,2.312
WCQVL56,2016,3,5.931
7M6VMQ1,2016,3,1.375
GUI5SCL,2016,3,2.125
BNH5YKX,2016,1,2.611
ZYMI4ZT,2016,3,1.625
71E8HW7,2016,3,3.9189999999999996
NYFKDBX,2016,3,0.23800000000000002
HH7GJKY,2016,2,0.312
PD6E0Y8,2016,2,2.175
7A5BSPK,2016,3,4.725
XAMLOQ6,2016,1,3.05
SZE43M9,2016,2,2.326
YAZIWKV,2016,2,1.956
9AYSL2Q,2016,3,1.294
D2CCH6Z,2016,3,6.506
FRDU2OM,2016,1,2.194
S6A7A7V,2016,2,1.7619999999999998
HOKXPTS,2016,3,1.844
PFJPR9T,2016,1,0.069
VZKAFBI,2016,2,2.0
2VNN53E,2016,3,0.035
VE59CZJ,2016,3,1.5
6YEX12W,2016,1,2.8930000000000002
OFMHJCN,2016,2,1.719
G4HNKNP,2016,2,0.0
RU1FJ9I,2016,2,0.7440000000000001
NUCBC55,2016,3,3.2119999999999997
QVD4RFA,2016,2,2.525
3I50UJ8,2016,3,0.4
B4NNQRC,2016,2,11.125
P3KPRII,2016,1,0.988
BI7U1G6,2016,1,1.375
NOMJBIP,2016,2,2.2
67U67EU,2016,3,0.456
51EQZB7,2016,3,1.775
2HCIESD,2016,2,4.375
L3MLSOA,2016,1,1.5119999999999998
E8SK6FG,2016,2,3.388
VCUXPVT,2016,2,0.188
T5QG3AQ,2016,3,2.037
B2J9KDE,2016,3,2.975
O0ZSKXW,2016,1,1.306
2RM0LMX,2016,2,1.212
AGGL4AW,2016,3,2.537
C5XXT7S,2016,2,2.625
3X3YWLQ,2016,3,0.956
3XSE0QG,2016,2,2.938
E9UO21Q,2016,2,4.25
IH7U8P2,2016,3,2.963
17FOZXY,2016,1,1.412
ELMB1EU,2016,3,1.013
UHWAU03,2016,1,3.237
HRSNA4M,2016,3,0.9
WIWBH0A,2016,1,1.538
C8S4LP3,2016,2,2.556
40GG5BD,2016,3,5.194
7AVVFNI,2016,1,2.419
OXF4KJ5,2016,3,0.1
ZM8Z2H1,2016,2,1.6119999999999999
Q46V29Y,2016,2,1.462
BH1I54V,2016,2,1.113
MNKUV2Q,2016,2,1.694
REW9G6N,2016,2,4.869
RE4PWPE,2016,3,2.112
JB6LNZN,2016,3,2.719
WBPOKA6,2016,2,2.637
IPT15H1,2016,3,4.069
7UPUTSZ,2016,3,0.888
IQ3128J,2016,2,2.7119999999999997
N7KETVI,2016,2,1.062
UO97HUH,2016,2,0.688
ONZ4X0E,2016,3,2.188
URGJKPZ,2016,3,2.281
NMSWGHB,2016,1,1.2690000000000001
5JJC10W,2016,2,3.237
TWBEFZ0,2016,3,4.95
LP45N6I,2016,3,2.338
4KCA4KB,2016,1,0.688
2XQ6FO6,2016,2,4.825
2H6WKTI,2016,2,2.612
QD9Q5C6,2016,2,2.7
VYST0QM,2016,2,0.0
XMPRWKG,2016,3,1.631
97RAF1K,2016,2,2.05
YHAHDUN,2016,1,3.125
C7F2R29,2016,2,2.612
IOJSOIR,2016,3,1.2690000000000001
DZVBBB1,2016,3,3.025
9GFE2PV,2016,3,3.113
NWINCNS,2016,2,2.481
I0QR9Q5,2016,3,2.481
ACKX6E4,2016,2,4.081
74NQTB2,2016,3,2.031
RPIBFJN,2016,2,1.3119999999999998
DI2L0GE,2016,2,0.875
QDFUAW8,2016,3,0.812
UX4ACIV,2016,2,2.125
I2BZIY9,2016,2,0.981
1YUD861,2016,3,2.275
HKVEO76,2016,1,1.538
3EETRH8,2016,1,3.5439999999999996
XSF8SNF,2016,1,1.631
8CN2VGA,2016,3,1.3559999999999999
JC6NBW0,2016,1,2.475
LG5JRUW,2016,1,2.387
MUFUF0H,2016,3,1.656
SITJ12O,2016,2,3.906
NZY9YAU,2016,3,2.75
865BGVM,2016,3,4.843999999999999
ZXVGCRS,2016,3,3.0380000000000003
WHRHKEA,2016,3,2.319
SILNDH2,2016,3,4.438
SM47OJF,2016,3,1.5619999999999998
HY9X29N,2016,2,0.894
C7E3UHL,2016,2,4.081
GNYF2L2,2016,1,4.312
LQ8GRIC,2016,3,3.2310000000000003
BT40E26,2016,2,2.5
WIUD9JM,2016,3,4.275
1J1QZ6Z,2016,3,2.2119999999999997
B9ONBLB,2016,3,1.412
OK7Z2ZW,2016,3,3.681
T5X8WKZ,2016,3,3.431
MIJ1KZE,2016,2,1.113
QZ6NQJK,2016,2,1.1
LJZX3SP,2016,2,1.1440000000000001
7DIESOM,2016,2,0.821
4TB2VI3,2016,3,1.9
VKV7395,2016,2,2.4
I3LQHL5,2016,1,1.5619999999999998
Q58WN2B,2016,2,1.288
8ZKQ8QU,2016,1,4.119
N84GAVD,2016,3,2.125
XUXXKHI,2016,2,3.7
YRHSYM9,2016,3,2.419
SFCCY59,2016,1,1.625
MZH8NPZ,2016,3,2.056
0T3TIMQ,2016,2,0.725
H89FNUK,2016,1,3.025
D62VBBP,2016,3,4.256
VVANFWZ,2016,1,3.3310000000000004
TS8HZ9K,2016,1,0.875
NRMDKPG,2016,3,2.1
QNMY0J5,2016,2,1.4380000000000002
8UK3UMD,2016,1,1.8
BXFEDFF,2016,3,1.0
W0ZR18P,2016,3,1.7
C6KH957,2016,3,0.248
MXTWS9H,2016,3,2.688
HUERTFK,2016,3,2.8810000000000002
V79QMXT,2016,3,2.006
V9MCE6Z,2016,2,2.9560000000000004
PMFE8XN,2016,3,1.19
I4ZDCII,2016,1,2.875
KSQTPAS,2016,3,0.9
LHZNO4U,2016,3,3.306
WTMTFZ2,2016,3,2.106
UESHCFS,2016,3,4.037
W2JE76J,2016,2,5.625
MZXBTZK,2016,3,3.8310000000000004
X25PH3D,2016,3,3.188
0TD9FOQ,2016,2,1.25
CJZZO3W,2016,1,2.6310000000000002
41JRCIB,2016,3,1.006
2FZOWHU,2016,3,3.438
4HC3MPI,2016,3,3.0810000000000004
14ZTJ5L,2016,3,1.794
05N3QLF,2016,2,1.225
WEAG5AC,2016,1,2.694
69WN8MA,2016,2,0.345
AMVB75T,2016,3,3.262
ATSFG7V,2016,2,1.755
1NZP4TJ,2016,3,1.331
U6T84X9,2016,3,1.025
V65BLJY,2016,1,0.8
QHQPWML,2016,2,2.531
V4S06QM,2016,3,0.7120000000000001
E7ST522,2016,3,2.9189999999999996
ZVXM8RY,2016,2,2.75
HB0RR8R,2016,2,2.375
0FIG54U,2016,1,4.6
4SF5TB0,2016,2,2.763
1CVTV40,2016,3,2.081
VBQ9FYS,2016,3,0.8059999999999999
ZTS1BWO,2016,2,1.6880000000000002
GKSY6IO,2016,2,1.681
FX6NJ9D,2016,2,1.3119999999999998
HU0RGKU,2016,1,1.1440000000000001
BTWKRJ7,2016,2,3.681
ONWLBFA,2016,2,2.312
10L7248,2016,1,2.006
HU9J2EO,2016,2,1.781
VAJUZ4U,2016,3,0.9940000000000001
EZ3CA83,2016,3,2.381
7UDGL5E,2016,3,4.593999999999999
0VP3M6S,2016,2,3.7060000000000004
4OB60N9,2016,3,0.325
AXVCT3B,2016,3,2.475
VT8VXJX,2016,2,0.0
EX1XL86,2016,3,2.9
M5IZH8R,2016,3,3.487
PLPKN6U,2016,2,0.0
SVK0A7E,2016,1,2.244
HPP9T7D,2016,3,4.194
RLYI67C,2016,2,1.338
Y0CS9RL,2016,3,1.975
BYW7GR0,2016,1,2.925
4GAM8IA,2016,3,0.152
USVNYOB,2016,2,1.3
QMJBUKI,2016,3,0.862
AT3J1DW,2016,3,3.725
GUTQH2A,2016,3,1.325
IBBNPHV,2016,2,3.312
29QL0HK,2016,3,2.85
7S3ZCSA,2016,3,2.237
TSIZEK2,2016,2,2.55
RZHZOEL,2016,2,3.8
39GS25L,2016,3,1.669
ROREXG8,2016,2,2.1
12Z60PR,2016,3,4.181
6185TTY,2016,2,3.781
BW1O1FN,2016,2,3.0439999999999996
KLTS56N,2016,2,2.44
RAM5OLR,2016,2,2.556
LQ78NB4,2016,3,2.219
JT8H5BH,2016,3,1.913
AN8TGG9,2016,3,6.0120000000000005
BZUBSAP,2016,2,3.0
7O1MX2X,2016,2,4.75
FUY8OTO,2016,3,3.575
0CUCL1F,2016,2,3.5380000000000003
DPS1Y0T,2016,2,0.625
YR74ETJ,2016,2,1.9809999999999999
0D3AY8M,2016,3,2.5069999999999997
276SP4H,2016,3,2.737
UVHY4M8,2016,2,2.662
FW4XXX0,2016,3,1.625
9YFUBS9,2016,3,3.312
3W1Z72K,2016,2,0.725
1GJMLQS,2016,3,3.862
G0K9NC0,2016,2,1.7
XR3I9T6,2016,3,5.544
7D0OGIK,2016,3,6.281000000000001
WCJMVMN,2016,3,1.137
C7FOEXW,2016,2,3.5810000000000004
LDNYYCK,2016,2,5.074
9UOU63J,2016,3,1.625
IL7FKA7,2016,1,3.582
BVK23SW,2016,3,3.125
2I6HKHJ,2016,3,4.325
957WNFG,2016,1,2.387
Y82LYV9,2016,3,6.825
MSPHAQ5,2016,2,2.225
HBLN32C,2016,2,2.25
X5KDJNG,2016,3,2.8810000000000002
QPHY9MJ,2016,2,2.0
AQEDH0D,2016,3,1.057
KOTONVT,2016,3,3.287
BIK82DF,2016,2,3.6630000000000003
UI70CAW,2016,2,1.581
EB32QY3,2016,3,2.918
3KC5C8P,2016,3,3.344
NWN3N9L,2016,3,0.529
Y3WTBAK,2016,3,5.322
S2X1RHM,2016,2,1.194
JCW7GWZ,2016,2,1.969
J9A4GZ8,2016,2,2.225
3M7DX2M,2016,2,3.8
BU2O7TT,2016,2,1.956
UVUMYRN,2016,1,1.4809999999999999
HE1EF4Y,2016,1,3.613
W23TDM6,2016,3,1.25
X0FBAL9,2016,3,4.363
8NLV6M9,2016,2,3.375
A30Z9C9,2016,2,4.45
BBYTO96,2016,3,2.625
MWZNW9E,2016,1,3.485
B109C8S,2016,3,5.925
CWQSF7D,2016,3,1.069
A8MQHEG,2016,2,3.444
KLLICB8,2016,3,2.806
Z2UU16X,2016,2,4.269
GJIBDM8,2016,2,2.206
KQCH2II,2016,2,2.75
PKIX6CR,2016,3,4.288
ROQ7F7L,2016,3,2.506
CWLR39L,2016,3,4.638
E267FI0,2016,2,5.294
VQN2HEN,2016,3,0.7120000000000001
LFOZTVV,2016,2,0.0
QY35LG7,2016,2,2.375
XGSZEFJ,2016,3,3.25
AN52LPL,2016,3,3.2689999999999997
CWXM5O7,2016,3,4.95
2ULRT9E,2016,2,3.925
8LT9UTR,2016,3,2.575
OGI99BG,2016,2,4.944
X52VMD7,2016,3,2.591
R3O8JO7,2016,2,2.819
QUQGQ5G,2016,3,2.825
R3F3TT5,2016,3,5.25
GKHCMH9,2016,2,1.2690000000000001
4VN3HG9,2016,3,3.969
72DAFCF,2016,3,5.487
A2RCJH2,2016,1,1.432
4D6ZWVI,2016,1,2.381
3QMJ3JW,2016,2,3.075
YP7NTWE,2016,2,3.931
RLMCBY6,2016,3,3.875
SVI5BDP,2016,3,2.031
EGGN4G7,2016,2,3.3369999999999997
HBSC3ES,2016,3,3.738
N5UPTD3,2016,3,5.412000000000001
4YUPMXQ,2016,2,7.237
CKCEMP4,2016,3,2.537
ZA9ZP5G,2016,3,3.6310000000000002
JQ4LGDO,2016,2,3.906
TEOF6VX,2016,3,5.869
4ESKJVN,2016,2,4.856
9HBZ5NW,2016,2,4.195
GSMG9ZM,2016,2,1.05
3GF0LYZ,2016,3,0.2
XTKGFSH,2016,2,0.39399999999999996
ZLR6A3R,2016,3,1.75
GZOFF08,2016,2,0.9
BC9PMD5,2016,2,2.681
FNW1OEI,2016,3,6.769
ZYEAZFW,2016,2,2.763
EBLU5TP,2016,2,2.354
N1JIZCV,2016,1,4.662
UY4O5OC,2016,2,6.256
0M8H5M4,2016,3,2.775
ZKGMRYS,2016,3,2.6
T407WLN,2016,3,5.5889999999999995
A1AOG8G,2016,2,3.6189999999999998
HYHGD22,2016,3,1.306
VHK0RRO,2016,2,4.737
U27DY83,2016,3,2.875
0P34ATL,2016,2,7.581
CM75UUD,2016,2,3.85
9K7ZSRJ,2016,2,6.218999999999999
P2DY6DV,2016,3,2.681
8AZ490K,2016,1,0.938
7J811JC,2016,3,3.812
N2USEIS,2016,1,1.806
HPXBKJR,2016,1,3.638
CW1YMCB,2016,3,7.968999999999999
8C9Z8XI,2016,2,3.325
CRJ1H3U,2016,1,4.019
7WNWWDI,2016,2,4.306
FXKBXPM,2016,2,3.125
ZQR744Z,2016,3,5.6
XR48GXA,2016,2,2.888
OBP8P8K,2016,1,1.787
V67T3OL,2016,2,0.248
TO6C375,2016,3,6.106
X3942QB,2016,3,5.343999999999999
KICAMGN,2016,2,1.181
6VNHLKO,2016,2,2.387
8MTP8AV,2016,1,2.175
FR80D72,2016,1,2.157
HTCPAWG,2016,3,0.3
RT2QPLV,2016,3,2.175
UT17H6B,2016,3,3.094
LYMHMT3,2016,3,3.281
47G770R,2016,2,2.6310000000000002
XFVXVT3,2016,1,2.225
BMXDU31,2016,2,2.65
UHVMHV4,2016,3,2.312
MNEI1FS,2016,2,3.812
7R41J4W,2016,3,2.025
LKU4AIW,2016,2,0.9690000000000001
G4BYFWY,2016,3,2.6310000000000002
YLFTSSX,2016,3,1.625
V63ZG3Z,2016,1,3.2310000000000003
KP7F67Q,2016,2,3.0060000000000002
35VG6SJ,2016,2,3.6
R651K2O,2016,2,4.688
1PD7V07,2016,3,2.531
Q8A5FAW,2016,3,2.8369999999999997
RPWG46B,2016,3,1.75
6CDODL0,2016,2,6.55
TLA8DL6,2016,3,3.0060000000000002
GG2TKHB,2016,2,2.062
0J1LYFR,2016,3,10.937999999999999
5BUYK6N,2016,2,6.35
9ACX0DD,2016,2,3.5060000000000002
BR4W4VX,2016,3,3.4619999999999997
QIX8TNU,2016,3,4.575
GYQJYOL,2016,2,2.694
MYD81LK,2016,3,1.3940000000000001
TTQKG92,2016,2,1.631
KYBV7MI,2016,1,3.825
9O8CRSZ,2016,2,2.9810000000000003
6STHPCY,2016,2,4.4
4CC9M6H,2016,3,3.4339999999999997
OQT0CEI,2016,2,1.6880000000000002
YB90CUI,2016,2,1.331
839HU7A,2016,3,4.481
T3EKQ4U,2016,3,0.762
TNELD7K,2016,2,0.731
BRUQK91,2016,3,3.069
6B0T6SQ,2016,2,4.125
M3ADRG6,2016,3,6.056
I3NEYT4,2016,3,6.081
H2TUS8I,2016,2,3.088
KZM7A57,2016,3,0.308
ODSMATU,2016,1,1.4
ZNJBLGQ,2016,1,3.4560000000000004
YOIEKXD,2016,3,5.506
CYMRJFA,2016,1,5.8629999999999995
75KCX9D,2016,2,5.8629999999999995
1IMCK70,2016,3,2.694
FWUX41O,2016,3,3.094
5V2M81L,2016,3,2.6310000000000002
PC1S43D,2016,2,3.675
F2SDQ3R,2016,3,5.492000000000001
9F5GQL4,2016,2,2.169
4W8NUBH,2016,3,4.713
YDG93JX,2016,3,1.069
HT357J5,2016,2,1.694
8DJMM9H,2016,1,1.681
U122TCN,2016,2,2.156
Q9EKTMU,2016,3,3.625
6JOJBDN,2016,1,4.963
1K8NSML,2016,1,0.982
B4X0QX8,2016,3,3.2310000000000003
BR38780,2016,3,2.662
0INM9FH,2016,1,0.5
DKRFXVZ,2016,2,3.2119999999999997
JX6V1Z9,2016,2,0.625
BUZPTUD,2016,3,1.6
V8YQ1P4,2016,3,4.681
G15AF0Z,2016,1,4.569
8MHCGBG,2016,1,0.95
Y473IRP,2016,3,5.731
5M35PRN,2016,3,2.781
DZNCBIA,2016,3,2.1630000000000003
8E5Y4M4,2016,3,3.65
OVXKP2O,2016,1,2.975
QFE84IH,2016,3,2.062
7FZ4R9K,2016,2,3.6060000000000003
DIKJITL,2016,3,3.438
ZAUBAO5,2016,3,3.113
503KS6O,2016,3,2.319
Q42PCDH,2016,3,4.531000000000001
9NFUM95,2016,1,2.131
2SE1QH5,2016,3,1.65
0FIFTRP,2016,2,1.2
SU3HFWL,2016,3,4.544
BH50KJS,2016,3,2.537
SNX7961,2016,3,1.837
BKS7DEN,2016,3,4.8
TZU6KVH,2016,3,3.088
8ADXFSS,2016,2,2.362
Q458HJX,2016,3,1.7619999999999998
IYCC6FF,2016,2,7.544
A8D7VQT,2016,2,1.744
J0LM2TJ,2016,3,3.375
Y7LGDC0,2016,2,3.35
62G893N,2016,3,5.3870000000000005
I833RX8,2016,2,4.025
RETB902,2016,2,3.137
JUQAEFD,2016,3,1.219
WEJDLS9,2016,3,5.6
RL7DX65,2016,2,2.6
0K9CGO3,2016,2,2.062
MVM1KOY,2016,2,3.445
6WAVOKW,2016,2,7.337999999999999
00J35X7,2016,2,8.381
MRFU9DU,2016,2,0.262
ID5GKID,2016,2,3.3689999999999998
ZBJNRRU,2016,3,4.05
ECLEE4S,2016,2,5.787000000000001
FKOQ6G0,2016,1,2.625
H8JBZ0W,2016,3,5.312
QHUHNK2,2016,2,1.765
XBWKXJ2,2016,3,2.612
MB1WX1Q,2016,1,6.381
IXMRS1W,2016,1,1.675
589K7QV,2016,1,0.884
IYVV2PH,2016,3,2.188
D6YGELO,2016,1,2.625
9Y7504V,2016,3,6.812
OXLJROL,2016,2,2.6189999999999998
O7MS8FK,2016,2,4.5
K6PS9PI,2016,3,5.981
5TBMOXW,2016,2,2.456
6H0ZN9E,2016,3,3.7310000000000003
OTBQM2F,2016,2,1.681
UDLVW1A,2016,2,3.65
Q64LVDW,2016,2,2.094
C97BYEV,2016,2,0.95
24SEQ1I,2016,3,7.093999999999999
G5609QO,2016,3,1.081
NB08CML,2016,1,2.7689999999999997
W8Z6XV7,2016,1,2.7689999999999997
FFX8W83,2016,3,4.662
JAOFQM9,2016,3,3.5060000000000002
Z4D9MU8,2016,3,2.6189999999999998
SX57GH1,2016,2,4.1739999999999995
A69YGTK,2016,3,3.775
