"","Year","X","XX","PRED","PETD","CLDD","DTRD","TMPD","TMND","TMXD","VAPD","WETD","FRSD"
"16-JAN-1960",0,"/","709:",46.6,3.5,53.7,13.6,23,16.2,29.8,19.6,9.26,0
"15-FEB-1960",0,"/","710:",120.3,3.7,58.6,12.7,24,17.7,30.4,19.8,12.59,0
"16-MAR-1960",0,"/","711:",118.4,3.5,66.9,12.2,23.5,17.4,29.6,20.8,13.37,0
"16-APR-1960",0,"/","712:",164.6,2.9,77.1,10.4,23,17.8,28.2,21.8,16.17,0
"16-MAY-1960",0,"/","713:",145.3,3.1,67,10.7,23.3,18,28.7,22.4,15.79,0
"16-JUN-1960",0,"/","714:",128,2.1,99.4,10.4,22.6,17.4,27.8,21.9,9.82,0
"16-JUL-1960",0,"/","715:",118.5,2.6,75.3,9.9,21.4,16.5,26.4,21.3,10.17,0
"16-AUG-1960",0,"/","716:",203.3,2.7,77.3,9.8,21.9,17,26.8,21.8,13.35,0
"16-SEP-1960",0,"/","717:",113.1,3,70.9,10.6,22.2,16.9,27.5,21.6,13.22,0
"16-OCT-1960",0,"/","718:",222.1,3,68.5,11,22.2,16.7,27.7,21.8,18.34,0
"16-NOV-1960",0,"/","719:",105.3,3.2,62.9,12.1,22.6,16.6,28.7,21.4,13.61,0
"16-DEC-1960",0,"/","720:",68.9,3.3,58.7,12.5,23.4,17.2,29.7,20.9,12.05,0
"16-JAN-1961",0,"/","721:",53.7,3.5,58.3,13.8,23.4,16.5,30.3,20,9.43,0
"15-FEB-1961",0,"/","722:",60.6,3.6,58.5,12.9,23.3,16.9,29.8,19.3,9.41,0
"16-MAR-1961",0,"/","723:",106.5,3.6,63.3,12.6,23.9,17.6,30.2,21.1,12.59,0
"16-APR-1961",0,"/","724:",183.2,3.3,68.3,11.2,23.8,18.2,29.4,22.5,16.94,0
"16-MAY-1961",0,"/","725:",160.1,3.2,63.3,11.1,23.8,18.3,29.4,23.3,16.57,0
"16-JUN-1961",0,"/","726:",189.7,2.7,72.1,10.2,22.5,17.4,27.6,22.5,12.05,0
"16-JUL-1961",0,"/","727:",201.4,2.4,78.4,9.3,21.3,16.7,26,22,13.14,0
"16-AUG-1961",0,"/","728:",223.3,2.5,79.4,9.1,21.3,16.8,25.9,21.9,13.98,0
"16-SEP-1961",0,"/","729:",201,2.9,72.2,10.2,21.9,16.8,27,21.6,17.14,0
"16-OCT-1961",0,"/","730:",253.9,2.7,77.3,10.2,22,16.9,27.1,22.1,19.52,0
"16-NOV-1961",0,"/","731:",285.2,2.7,78.6,11.5,21.9,16.2,27.7,21.1,21.32,0
"16-DEC-1961",0,"/","732:",68.3,3,61.5,11.6,21.7,15.9,27.5,19.8,12.05,0
"16-JAN-1962",0,"/","733:",48.5,3.4,52.5,13.2,21.9,15.3,28.5,18.7,9.77,0
"15-FEB-1962",0,"/","734:",38.8,4.1,43.2,14.8,23.7,16.3,31.1,19.3,6.36,0
"16-MAR-1962",0,"/","735:",150.8,3.4,68.7,12,23.4,17.4,29.4,21.1,14.73,0
"16-APR-1962",0,"/","736:",163.7,3.1,71.1,11,23.2,17.7,28.7,22.1,16.12,0
"16-MAY-1962",0,"/","737:",193,2.9,69.7,10.6,22.9,17.6,28.2,22.4,18.06,0
"16-JUN-1962",0,"/","738:",186.4,2.7,72.7,10.3,22.3,17.2,27.5,21.9,12.04,0
"16-JUL-1962",0,"/","739:",100.1,2.6,75.5,9.8,21.6,16.7,26.5,21.7,9.52,0
"16-AUG-1962",0,"/","740:",155.4,2.6,80.6,9.5,21.6,16.9,26.4,21.7,11.96,0
"16-SEP-1962",0,"/","741:",259.7,2.9,72.6,10.3,22.2,17.1,27.4,22.1,19.32,0
"16-OCT-1962",0,"/","742:",242.9,3,70.7,11,22.2,16.7,27.7,21.9,18.94,0
"16-NOV-1962",0,"/","743:",126.2,3.2,62.8,12.3,22.9,16.8,29.1,21.9,14.8,0
"16-DEC-1962",0,"/","744:",75.5,3.2,61.8,12.2,22.9,16.8,29,20.8,12.54,0
"16-JAN-1963",0,"/","745:",105.5,3.4,57.9,12.8,23.2,16.8,29.6,20,13.9,0
"15-FEB-1963",0,"/","746:",116,3.8,53.3,13.3,23.6,17,30.3,19.6,12.75,0
"16-MAR-1963",0,"/","747:",160.2,3.6,64.6,12.4,23.7,17.5,29.9,21.1,15.02,0
"16-APR-1963",0,"/","748:",235.6,3,75.3,10.6,23,17.7,28.3,22.1,19.01,0
"16-MAY-1963",0,"/","749:",259.7,2.9,71.7,10.4,23,17.8,28.2,22.8,20.56,0
"16-JUN-1963",0,"/","750:",143.3,2.9,66.3,10.4,22.5,17.3,27.7,22.2,10.49,0
"16-JUL-1963",0,"/","751:",134,2.5,75.7,9.8,21.6,16.7,26.5,22,10.94,0
"16-AUG-1963",0,"/","752:",154.2,2.7,75.6,10,21.7,16.7,26.7,21.9,11.74,0
"16-SEP-1963",0,"/","753:",101.6,3.2,64.1,11.5,22.6,16.9,28.4,22.1,12.35,0
"16-OCT-1963",0,"/","754:",129.9,3.3,62.1,11.8,22.7,16.8,28.6,22.2,14.1,0
"16-NOV-1963",0,"/","755:",178.5,2.9,70.9,11,22.5,17,28,22.2,17.29,0
"16-DEC-1963",0,"/","756:",89.8,3.1,62.2,11.9,22.5,16.6,28.5,20.7,13.56,0
"16-JAN-1964",0,"/","757:",24.4,3.5,56.7,13.2,23.4,16.8,30,20.5,7.1,0
"15-FEB-1964",0,"/","758:",64.9,3.8,53.6,13.2,23.7,17.1,30.3,19.7,9.53,0
"16-MAR-1964",0,"/","759:",137.2,3.7,62.8,12.7,24.2,17.9,30.6,21.4,14.22,0
"16-APR-1964",0,"/","760:",183.8,3.2,68.6,11.1,23.1,17.6,28.7,22.1,16.96,0
"16-MAY-1964",0,"/","761:",143.3,3.1,64.5,10.9,23.2,17.8,28.7,22.8,15.72,0
"16-JUN-1964",0,"/","762:",135.3,2.7,71.2,10.2,22.4,17.3,27.5,22.2,10.46,0
"16-JUL-1964",0,"/","763:",131.5,2.4,78,9.6,21.2,16.4,26,21.9,10.63,0
"16-AUG-1964",0,"/","764:",199.6,2.6,78.2,9.5,21.4,16.7,26.2,21.9,13.29,0
"16-SEP-1964",0,"/","765:",187.4,3,70,10.6,21.9,16.6,27.2,21.6,16.53,0
"16-OCT-1964",0,"/","766:",228.7,2.9,71.6,10.7,21.8,16.5,27.2,21.6,18.67,0
"16-NOV-1964",0,"/","767:",68.7,3.2,60.1,12.6,22.6,16.3,28.9,21.3,10.79,0
"16-DEC-1964",0,"/","768:",98.5,3,65.6,11.8,22.3,16.4,28.2,20.6,13.31,0
"16-JAN-1965",0,"/","769:",26.1,3.6,50.3,13.7,23,16.2,29.9,19.7,6.66,0
"15-FEB-1965",0,"/","770:",53.4,3.8,52.4,13.7,22.8,16,29.7,18.8,8.23,0
"16-MAR-1965",0,"/","771:",143,3.4,68.8,12.2,23.8,17.7,29.9,21.6,14.38,0
"16-APR-1965",0,"/","772:",146.3,3.2,67.6,11.3,23.2,17.6,28.9,22.1,15.34,0
"16-MAY-1965",0,"/","773:",151.5,3.3,60.4,11.6,23.6,17.8,29.4,22.7,16.11,0
"16-JUN-1965",0,"/","774:",75.8,2.9,63.1,10.9,22.5,17.1,28,22.3,7.82,0
"16-JUL-1965",0,"/","775:",111.1,2.8,69,10.7,21.8,16.5,27.2,21.7,9.96,0
"16-AUG-1965",0,"/","776:",147.3,2.7,75.2,10.2,21.7,16.6,26.8,21.9,11.57,0
"16-SEP-1965",0,"/","777:",137.4,3.1,66.2,11.2,22.4,16.8,28,21.9,14.41,0
"16-OCT-1965",0,"/","778:",237.7,3,70.4,10.9,22.2,16.8,27.7,22,18.7,0
"16-NOV-1965",0,"/","779:",134.9,3.1,63.8,11.8,22.8,16.9,28.7,21.8,15.17,0
"16-DEC-1965",0,"/","780:",72.4,3.3,56.9,12.6,23,16.7,29.3,20.6,12.03,0
"16-JAN-1966",0,"/","781:",44.1,3.6,52.9,13.5,23.7,17,30.5,20.6,8.01,0
"15-FEB-1966",0,"/","782:",76.1,3.6,60.5,12.5,23.7,17.5,30,20.1,10.23,0
"16-MAR-1966",0,"/","783:",166.5,3.4,69.9,11.7,23.6,17.8,29.5,21.4,15.36,0
"16-APR-1966",0,"/","784:",204.3,3.2,68.8,11,23.2,17.7,28.7,22.3,17.84,0
"16-MAY-1966",0,"/","785:",100,3.1,63.8,11.1,23.3,17.8,28.9,23.1,13.06,0
"16-JUN-1966",0,"/","786:",117,3,60.9,10.7,22.6,17.3,28,22.4,9.57,0
"16-JUL-1966",0,"/","787:",149.1,2.5,75.9,9.8,21.6,16.7,26.5,21.9,11.44,0
"16-AUG-1966",0,"/","788:",220.7,2.7,76.6,10.1,21.6,16.6,26.7,21.7,13.93,0
"16-SEP-1966",0,"/","789:",161.9,3.1,68.3,11,22.2,16.7,27.7,21.7,15.56,0
"16-OCT-1966",0,"/","790:",170.5,3.1,66,11.5,22.3,16.6,28.1,22,16.22,0
"16-NOV-1966",0,"/","791:",108,3.1,63.6,12.2,22.7,16.6,28.8,21.8,13.74,0
"16-DEC-1966",0,"/","792:",27.9,3.3,55.5,13,22.9,16.4,29.4,20.7,6.62,0
"16-JAN-1967",0,"/","793:",20.2,3.5,51.9,13.9,22.9,16,29.9,19.9,5.57,0
"15-FEB-1967",0,"/","794:",27.7,3.8,52.3,14,23.4,16.4,30.4,19.6,5.92,0
"16-MAR-1967",0,"/","795:",75.9,3.6,61.6,13,23.4,16.9,29.9,20.8,10.36,0
"16-APR-1967",0,"/","796:",159.3,3.6,54.2,12,23.9,17.9,29.9,22.8,15.92,0
"16-MAY-1967",0,"/","797:",139.6,3.1,65.1,11,23.2,17.7,28.7,22.9,15.28,0
"16-JUN-1967",0,"/","798:",159.6,2.8,66.8,10.3,22,16.9,27.2,21.9,11.33,0
"16-JUL-1967",0,"/","799:",133.7,2.5,77.1,9.3,21.3,16.7,26,21.8,10.7,0
"16-AUG-1967",0,"/","800:",123.7,2.6,76.3,9.7,21.4,16.6,26.3,21.7,10.7,0
"16-SEP-1967",0,"/","801:",124.6,2.9,71.3,10.6,21.9,16.6,27.2,21.8,13.87,0
"16-OCT-1967",0,"/","802:",263.2,2.9,73.1,10.7,22,16.7,27.4,22,19.76,0
"16-NOV-1967",0,"/","803:",157.1,2.9,69,11.1,22,16.5,27.6,21.6,16.11,0
"16-DEC-1967",0,"/","804:",51.1,3.3,56.3,12.6,22.8,16.5,29.1,20.3,9.07,0
"16-JAN-1968",0,"/","805:",12.8,3.7,46.7,14.1,22.7,15.7,29.8,19.4,3.53,0
"15-FEB-1968",0,"/","806:",96.5,3.8,53.1,13.5,23.1,16.4,29.9,19.2,11.54,0
"16-MAR-1968",0,"/","807:",127.3,3.7,59,12.8,23.2,16.8,29.6,20.7,13.57,0
"16-APR-1968",0,"/","808:",173.2,3.3,62.8,11.7,22.9,17.1,28.8,21.6,16.49,0
"16-MAY-1968",0,"/","809:",112.3,3.1,62.5,11.3,22.7,17.1,28.4,22,14.05,0
"16-JUN-1968",0,"/","810:",141.7,2.8,67.5,10.3,22.1,17,27.3,21.5,10.39,0
"16-JUL-1968",0,"/","811:",126.8,2.6,74.8,9.9,21.3,16.4,26.3,21.3,10.65,0
"16-AUG-1968",0,"/","812:",126.9,2.7,74.9,9.8,21.5,16.6,26.4,21.3,10.85,0
"16-SEP-1968",0,"/","813:",125,3.2,64.2,11.5,22.3,16.6,28.1,21.9,13.78,0
"16-OCT-1968",0,"/","814:",186.5,3.1,66.3,11.4,22.1,16.4,27.8,21.8,16.71,0
"16-NOV-1968",0,"/","815:",104,3.2,62.5,12.1,23,17,29.1,22.2,13.42,0
"16-DEC-1968",0,"/","816:",143.1,3.1,64.5,11.9,22.8,16.9,28.8,20.9,16.97,0
"16-JAN-1969",0,"/","817:",82.4,3.2,63.1,12.2,23,16.9,29.1,20.7,12.62,0
"15-FEB-1969",0,"/","818:",113,3.6,60.1,12.7,23.5,17.2,29.9,20.2,12.46,0
"16-MAR-1969",0,"/","819:",145.5,3.3,69.6,11.8,23.6,17.7,29.5,21.8,14.29,0
"16-APR-1969",0,"/","820:",114.9,3.5,61.2,11.9,24,18.1,30,23,13.69,0
"16-MAY-1969",0,"/","821:",170.8,3.1,63.8,11.1,23.4,17.9,29,23.1,16.95,0
"16-JUN-1969",0,"/","822:",88.7,2.9,66,10.5,22.8,17.6,28.1,22.8,8.12,0
"16-JUL-1969",0,"/","823:",115.1,2.7,70.9,10.3,21.7,16.6,26.9,22.1,9.98,0
"16-AUG-1969",0,"/","824:",150.5,2.8,70.8,10.5,21.8,16.6,27.1,22,11.73,0
"16-SEP-1969",0,"/","825:",143.6,3.1,66.7,11.2,22.4,16.8,28,22.2,14.74,0
"16-OCT-1969",0,"/","826:",170.3,3.1,66.5,11.6,22.8,17,28.6,22.4,16.27,0
"16-NOV-1969",0,"/","827:",107.8,3.2,62.4,12.1,22.9,16.9,29,21.8,13.69,0
"16-DEC-1969",0,"/","828:",67.2,3.4,55.6,12.8,23.4,17,29.8,20.9,11.63,0
"16-JAN-1970",0,"/","829:",72.9,3.5,54.6,12.8,23.4,17,29.8,20.3,11.71,0
"15-FEB-1970",0,"/","830:",43.9,3.8,54.7,13.3,24.3,17.7,31,20.6,7.61,0
"16-MAR-1970",0,"/","831:",177.9,3.4,70.7,11.6,23.9,18.1,29.7,21.7,15.99,0
"16-APR-1970",0,"/","832:",155.6,3.2,68.2,11.2,23.8,18.2,29.4,22.9,15.67,0
"16-MAY-1970",0,"/","833:",154.4,3.1,64,11,23.3,17.8,28.8,22.7,16.28,0
"16-JUN-1970",0,"/","834:",164.7,3,63.3,10.7,23,17.7,28.4,22.7,11.48,0
"16-JUL-1970",0,"/","835:",155.6,2.6,75.6,9.9,21.8,16.9,26.8,22.1,11.6,0
"16-AUG-1970",0,"/","836:",230.5,2.6,79.8,9.3,21.9,17.3,26.6,22.4,14.31,0
"16-SEP-1970",0,"/","837:",171.8,3,69.5,10.6,22.4,17.1,27.7,22.3,15.58,0
"16-OCT-1970",0,"/","838:",175.7,3,69,10.9,22.6,17.2,28.1,22.7,16.41,0
"16-NOV-1970",0,"/","839:",45.8,3.4,57.3,13.1,22.9,16.4,29.5,21.2,8.94,0
"16-DEC-1970",0,"/","840:",22.4,3.3,56.6,13.2,22.4,15.8,29,20,5.44,0
"16-JAN-1971",0,"/","841:",18.3,3.6,49.5,14.2,23,15.9,30.1,19.7,5.66,0
"15-FEB-1971",0,"/","842:",31.6,4,45.4,14.8,23.4,16,30.8,19.6,5.96,0
"16-MAR-1971",0,"/","843:",109.6,3.9,55.3,13.8,24.1,17.2,31,21.1,12.77,0
"16-APR-1971",0,"/","844:",147,3.5,57,12.1,23.3,17.3,29.4,21.9,15.32,0
"16-MAY-1971",0,"/","845:",148.6,3.2,60.7,11.5,23.3,17.6,29.1,22.6,15.68,0
"16-JUN-1971",0,"/","846:",116.8,3,59.8,11,22.4,16.9,27.9,21.9,9.74,0
"16-JUL-1971",0,"/","847:",159.1,2.6,73.4,10.3,21.4,16.3,26.6,21.3,11.65,0
"16-AUG-1971",0,"/","848:",190,2.7,77.3,10,21.8,16.8,26.8,21.7,13,0
"16-SEP-1971",0,"/","849:",177.1,3,69.2,11,21.9,16.4,27.4,21.6,16.32,0
"16-OCT-1971",0,"/","850:",140.1,3.1,67,11.4,22.2,16.5,27.9,21.4,14.61,0
"16-NOV-1971",0,"/","851:",117.1,3.1,65.2,11.7,22.8,17,28.7,21.5,14.25,0
"16-DEC-1971",0,"/","852:",14.5,3.2,57.5,12.8,22.1,15.7,28.5,19.6,5.13,0
"16-JAN-1972",0,"/","853:",70.2,3.4,57.2,12.9,23.3,16.9,29.8,20.2,11.04,0
"15-FEB-1972",0,"/","854:",51.9,3.6,57.4,12.8,23.1,16.7,29.5,19.4,8.67,0
"16-MAR-1972",0,"/","855:",104.6,3.6,63.2,12.7,24,17.7,30.4,21.2,12.59,0
"16-APR-1972",0,"/","856:",149.3,3.3,65.4,11.4,23.4,17.7,29.1,22,15.48,0
"16-MAY-1972",0,"/","857:",125.8,3.1,65,10.9,23.3,17.9,28.8,22.5,14.73,0
"16-JUN-1972",0,"/","858:",173.4,2.7,72,9.9,22.4,17.5,27.4,21.9,11.79,0
"16-JUL-1972",0,"/","859:",113.1,2.6,75.3,9.9,22.1,17.2,27.1,22,9.85,0
"16-AUG-1972",0,"/","860:",204.3,2.7,77.3,9.7,21.8,17,26.7,21.5,13.5,0
"16-SEP-1972",0,"/","861:",162.1,3.2,65.3,11.4,22.4,16.7,28.1,21.7,15.59,0
"16-OCT-1972",0,"/","862:",214.9,3.1,68.5,11.2,22.5,16.9,28.1,21.9,18.09,0
"16-NOV-1972",0,"/","863:",156.9,3,67.4,11.4,22.5,16.8,28.2,21.4,16.25,0
"16-DEC-1972",0,"/","864:",30.9,3.2,60.1,12.3,22.9,16.8,29.1,20.4,7.3,0
"16-JAN-1973",0,"/","865:",37.5,3.6,52.2,13.3,23.5,16.9,30.2,20,8.02,0
"15-FEB-1973",0,"/","866:",68,4,51,13.7,24.5,17.7,31.4,20.1,9.77,0
"16-MAR-1973",0,"/","867:",69.7,3.8,58.8,12.8,24.2,17.8,30.6,21.7,10.09,0
"16-APR-1973",0,"/","868:",138.8,3.4,63.1,11.4,23.5,17.8,29.2,22.1,14.86,0
"16-MAY-1973",0,"/","869:",153.2,3.1,63.9,10.8,23,17.6,28.4,22.2,16.22,0
"16-JUN-1973",0,"/","870:",77.9,2.8,68.1,10.5,22.6,17.4,27.9,21.9,7.3,0
"16-JUL-1973",0,"/","871:",77.5,2.6,73.3,10.1,21.5,16.5,26.6,21.4,8.35,0
"16-AUG-1973",0,"/","872:",168.9,2.7,77.3,9.7,21.7,16.9,26.6,21.6,12.43,0
"16-SEP-1973",0,"/","873:",206.1,3,69.7,11,21.9,16.4,27.4,21.4,17.25,0
"16-OCT-1973",0,"/","874:",183.6,3.2,64.1,11.8,22.7,16.8,28.6,21.8,16.76,0
"16-NOV-1973",0,"/","875:",108.5,3.3,58.2,12.3,22.8,16.7,29,21.2,13.5,0
"16-DEC-1973",0,"/","876:",19.8,3.5,51.2,13.1,22.9,16.4,29.5,20.1,5.8,0
"16-JAN-1974",0,"/","877:",38.7,3.6,52.3,13.6,23.1,16.3,29.9,19.9,7.98,0
"15-FEB-1974",0,"/","878:",54.1,3.9,52.7,13.7,24,17.2,30.9,20.1,8.22,0
"16-MAR-1974",0,"/","879:",173.2,3.5,65,12.4,23.8,17.6,30,21.5,15.85,0
"16-APR-1974",0,"/","880:",111.7,3.2,67.7,11,23.2,17.7,28.7,22.4,13.39,0
"16-MAY-1974",0,"/","881:",209.2,2.9,68.8,10.7,22.4,17.1,27.8,21.7,18.61,0
"16-JUN-1974",0,"/","882:",229,2.8,69.8,10.3,22.4,17.3,27.6,21.8,13.19,0
"16-JUL-1974",0,"/","883:",173.3,2.4,80.2,9.3,21.3,16.7,26,21.3,12.14,0
"16-AUG-1974",0,"/","884:",203.4,2.7,76.5,9.9,21.6,16.7,26.6,21.5,13.49,0
"16-SEP-1974",0,"/","885:",197.2,3.1,66.2,11.1,21.6,16.1,27.2,21.1,17.04,0
"16-OCT-1974",0,"/","886:",136,3.2,63.3,12,22.5,16.5,28.5,21.5,14.54,0
"16-NOV-1974",0,"/","887:",81.4,3.4,57.3,13,22.8,16.3,29.3,20.7,12.04,0
"16-DEC-1974",0,"/","888:",22.9,3.3,58.4,12.8,22.6,16.2,29,19.8,6.6,0
"16-JAN-1975",0,"/","889:",36.2,3.6,50.5,13.7,23.1,16.3,30,19.7,7.91,0
"15-FEB-1975",0,"/","890:",88.7,3.8,56,13.2,24,17.4,30.6,20.2,11.09,0
"16-MAR-1975",0,"/","891:",125.1,3.6,63.9,12.4,23.9,17.7,30.1,21.2,13.1,0
"16-APR-1975",0,"/","892:",172.7,3.3,64.9,11.5,23.6,17.9,29.4,22.4,15.88,0
"16-MAY-1975",0,"/","893:",195.4,3.2,62.6,11.1,23.1,17.6,28.7,22.3,17.68,0
"16-JUN-1975",0,"/","894:",124.9,2.7,72,9.7,22,17.2,26.9,21.9,9.84,0
"16-JUL-1975",0,"/","895:",167.1,2.5,76.8,9.6,21.4,16.6,26.2,21.5,12,0
"16-AUG-1975",0,"/","896:",236.7,2.5,80.3,9.2,21.3,16.7,25.9,21.6,14.38,0
"16-SEP-1975",0,"/","897:",213.4,2.9,72.8,10.4,21.4,16.2,26.6,20.9,17.76,0
"16-OCT-1975",0,"/","898:",205.7,3,71.7,10.8,22.1,16.7,27.5,21.2,17.59,0
"16-NOV-1975",0,"/","899:",104.5,3.3,61.3,12.6,23,16.7,29.3,21,13.5,0
"16-DEC-1975",0,"/","900:",48.3,3.2,60.9,12.3,22.4,16.3,28.6,19.7,10.24,0
"16-JAN-1976",0,"/","901:",21.2,3.7,47.4,14,23.4,16.4,30.4,20,6.4,0
"15-FEB-1976",0,"/","902:",86.7,3.8,54.8,13.2,23.7,17.1,30.3,19.6,10.79,0
"16-MAR-1976",0,"/","903:",107.7,3.5,67.5,12.2,23.6,17.5,29.7,21.1,12.46,0
"16-APR-1976",0,"/","904:",175.6,3.3,66.3,11.3,23.3,17.7,29,21.8,16.56,0
"16-MAY-1976",0,"/","905:",200.1,3,68.8,10.6,23,17.7,28.3,22.2,18.4,0
"16-JUN-1976",0,"/","906:",122.3,2.9,64.9,10.4,22.2,17,27.4,21.5,9.94,0
"16-JUL-1976",0,"/","907:",223.4,2.5,77.9,9.6,21.5,16.7,26.3,21.3,13.73,0
"16-AUG-1976",0,"/","908:",230.5,2.7,76.8,9.8,21.7,16.8,26.6,21.4,14.02,0
"16-SEP-1976",0,"/","909:",143.3,3.2,64.7,11.2,22.5,16.9,28.1,21.7,14.75,0
"16-OCT-1976",0,"/","910:",141.2,3.2,64.3,11.9,22.8,16.9,28.8,21.9,14.92,0
"16-NOV-1976",0,"/","911:",123.3,3.1,67.2,11.7,23,17.2,28.9,21.6,14.56,0
"16-DEC-1976",0,"/","912:",72.4,3.3,59.9,12.5,23.6,17.4,29.9,20.8,12.23,0
"16-JAN-1977",0,"/","913:",51.8,3.4,57.4,12.6,23.1,16.8,29.4,20.3,10.04,0
"15-FEB-1977",0,"/","914:",68.2,3.9,52.1,13.5,23.7,17,30.5,19.6,9.68,0
"16-MAR-1977",0,"/","915:",133,3.5,66.5,12.3,23.9,17.8,30.1,21.5,13.77,0
"16-APR-1977",0,"/","916:",205.7,3.1,73.2,10.9,23.7,18.3,29.2,22.8,17.83,0
"16-MAY-1977",0,"/","917:",120.2,3.1,63.7,11.1,23.4,17.9,29,22.9,14.11,0
"16-JUN-1977",0,"/","918:",195,2.8,67.5,10.3,22.4,17.3,27.6,21.9,12.33,0
"16-JUL-1977",0,"/","919:",194.2,2.6,75.9,9.6,21.7,16.9,26.5,21.8,12.71,0
"16-AUG-1977",0,"/","920:",219.6,2.7,77.3,9.7,22.2,17.4,27.1,22.3,13.96,0
"16-SEP-1977",0,"/","921:",142.3,3.2,65.8,11.2,22.5,16.9,28.1,22.2,14.69,0
"16-OCT-1977",0,"/","922:",215.2,3.1,68.3,11.4,22.6,16.9,28.3,21.9,17.82,0
"16-NOV-1977",0,"/","923:",145.7,3.1,64.9,11.6,22.6,16.8,28.4,21.6,15.55,0
"16-DEC-1977",0,"/","924:",43.6,3.1,66.4,11.8,23.3,17.4,29.2,21.5,8.88,0
"16-JAN-1978",0,"/","925:",20.1,3.6,53.1,13.4,23.8,17.1,30.5,20.7,6.02,0
"15-FEB-1978",0,"/","926:",72.7,3.8,54.4,13.4,24.4,17.7,31.1,20.8,9.92,0
"16-MAR-1978",0,"/","927:",92.1,3.5,66,12,23.5,17.5,29.5,21.2,11.65,0
"16-APR-1978",0,"/","928:",145.7,3.2,69.4,11,23.8,18.3,29.3,21.9,15.32,0
"16-MAY-1978",0,"/","929:",83,3.1,65.3,10.8,23.6,18.2,29,23.4,12.28,0
"16-JUN-1978",0,"/","930:",149.8,2.8,69.2,10.2,22.7,17.6,27.8,22.4,10.78,0
"16-JUL-1978",0,"/","931:",152.9,2.5,75.9,9.8,21.7,16.8,26.6,22.2,11.57,0
"16-AUG-1978",0,"/","932:",226.7,2.6,79.2,9.7,21.9,17.1,26.8,22.1,13.9,0
"16-SEP-1978",0,"/","933:",183.9,3,71.4,10.8,22.2,16.8,27.6,21.8,16.36,0
"16-OCT-1978",0,"/","934:",229.3,3,69.8,11,22.7,17.2,28.2,22.1,18.62,0
"16-NOV-1978",0,"/","935:",93.2,3.1,66.2,11.9,22.9,17,28.9,21.6,12.74,0
"16-DEC-1978",0,"/","936:",44.3,3.2,61.9,11.9,23,17.1,29,20.4,9.44,0
"16-JAN-1979",0,"/","937:",122.2,3.5,57.9,12.7,24,17.7,30.4,21.3,14.59,0
"15-FEB-1979",0,"/","938:",116.5,3.7,56,12.9,23.3,16.9,29.8,19.8,12.65,0
"16-MAR-1979",0,"/","939:",73.7,3.6,63.6,12.7,23.7,17.4,30.1,21.1,10.57,0
"16-APR-1979",0,"/","940:",156.9,3.3,65.5,11.5,23.8,18.1,29.6,22.8,15.54,0
"16-MAY-1979",0,"/","941:",150.4,3.1,63.4,10.9,23,17.6,28.5,22.2,16.05,0
"16-JUN-1979",0,"/","942:",145.6,2.8,67.2,10.1,22.1,17.1,27.2,21.8,10.77,0
"16-JUL-1979",0,"/","943:",86.6,2.6,73.4,9.9,21.7,16.8,26.7,21.4,8.8,0
"16-AUG-1979",0,"/","944:",148.9,2.7,77.3,9.9,22.1,17.2,27.1,21.8,11.67,0
"16-SEP-1979",0,"/","945:",116.3,3.3,61.2,11.7,22.4,16.6,28.3,21.7,13.22,0
"16-OCT-1979",0,"/","946:",129.9,3.2,65.3,11.7,22.7,16.9,28.6,22.1,14,0
"16-NOV-1979",0,"/","947:",60.7,3.1,66,11.9,23.1,17.2,29.1,21.9,10.33,0
"16-DEC-1979",0,"/","948:",50.1,3.1,62.5,12,22.8,16.8,28.8,20.5,10.19,0
"16-JAN-1980",0,"/","949:",12.6,3.6,53.2,13.3,23.6,17,30.3,20.4,3.34,0
"15-FEB-1980",0,"/","950:",48.3,3.8,54.8,13.2,24.5,17.9,31.1,20.7,6.98,0
"16-MAR-1980",0,"/","951:",80.3,3.5,66.7,12.2,24.2,18.1,30.3,22.5,10.86,0
"16-APR-1980",0,"/","952:",140.9,3.2,70,11.1,24.3,18.8,29.9,23.6,15,0
"16-MAY-1980",0,"/","953:",211,2.9,72.4,10.1,23,18,28.1,22.9,18.37,0
"16-JUN-1980",0,"/","954:",162.3,2.7,74.6,9.8,22.7,17.8,27.6,22.6,11.16,0
"16-JUL-1980",0,"/","955:",96.1,2.6,75.2,9.4,21.8,17.1,26.5,22,9.29,0
"16-AUG-1980",0,"/","956:",116.2,2.7,77.3,9.6,21.9,17.1,26.7,22,10.38,0
"16-SEP-1980",0,"/","957:",165.5,3.1,68,11,22.6,17.1,28.1,22.2,15.62,0
"16-OCT-1980",0,"/","958:",136.6,3.2,64.5,11.7,22.8,17,28.7,22.1,14.64,0
"16-NOV-1980",0,"/","959:",142,3,69.4,11.4,22.9,17.2,28.6,22,15.52,0
"16-DEC-1980",0,"/","960:",35.2,3.1,62.3,12.2,22.7,16.6,28.8,20.7,8.73,0
"16-JAN-1981",0,"/","961:",40.4,3.5,55.2,13.3,23.6,17,30.3,20.4,7.78,0
"15-FEB-1981",0,"/","962:",30.3,3.9,51.5,13.8,23.8,16.9,30.7,19.8,5.98,0
"16-MAR-1981",0,"/","963:",118.7,3.3,74.1,11.5,23.8,18.1,29.6,21.9,12.98,0
"16-APR-1981",0,"/","964:",120.9,3.4,62.2,11.4,24.1,18.4,29.8,23.3,14.07,0
"16-MAY-1981",0,"/","965:",199.1,3.1,66,10.7,23.6,18.3,29,23.3,17.96,0
"16-JUN-1981",0,"/","966:",113.3,2.9,65.1,10.5,22.9,17.7,28.2,22.6,9.46,0
"16-JUL-1981",0,"/","967:",148.8,2.5,76.9,9.3,21.8,17.2,26.5,22.1,11.35,0
"16-AUG-1981",0,"/","968:",200,2.7,77.3,9.7,22.1,17.3,27,22.2,13.44,0
"16-SEP-1981",0,"/","969:",199.4,3,69.3,10.8,22.5,17.1,27.9,22.5,17.1,0
"16-OCT-1981",0,"/","970:",206.4,3.3,62.9,11.8,23.1,17.2,29,22.4,17.46,0
"16-NOV-1981",0,"/","971:",81.9,3.3,60,12.4,23.3,17.1,29.5,21.8,11.92,0
"16-DEC-1981",0,"/","972:",58.9,3.4,56,12.7,23.7,17.4,30.1,21.1,10.36,0
"16-JAN-1982",0,"/","973:",91.9,3.4,59.3,12.6,23.8,17.5,30.1,21,12.67,0
"15-FEB-1982",0,"/","974:",54.6,3.8,52.2,13.6,23.6,16.8,30.4,19.6,8.49,0
"16-MAR-1982",0,"/","975:",124.9,3.7,63,12.6,24.7,18.4,31,22.5,13.61,0
"16-APR-1982",0,"/","976:",182.3,3.3,65.2,11.2,24.1,18.5,29.7,23.3,16.73,0
"16-MAY-1982",0,"/","977:",170,3,66.5,10.5,23.4,18.2,28.7,23.3,16.68,0
"16-JUN-1982",0,"/","978:",186.3,2.8,69.5,10,22.8,17.8,27.8,22.8,11.8,0
"16-JUL-1982",0,"/","979:",185.7,2.6,74.5,9.7,22.2,17.4,27.1,22.2,12.54,0
"16-AUG-1982",0,"/","980:",191.8,2.7,75.9,9.5,22.2,17.5,27,22.3,12.87,0
"16-SEP-1982",0,"/","981:",182,3.2,66.2,11.1,22.7,17.2,28.3,22.6,16.13,0
"16-OCT-1982",0,"/","982:",270.5,2.9,72,10.6,22.6,17.3,27.9,22.5,19.83,0
"16-NOV-1982",0,"/","983:",153,3.1,65.2,11.3,22.7,17.1,28.4,21.8,15.83,0
"16-DEC-1982",0,"/","984:",55.1,3.2,60.4,12.2,23.1,17,29.2,21,10.84,0
"16-JAN-1983",0,"/","985:",9.2,3.3,61.3,13.2,22.5,15.9,29.1,19.6,2.56,0
"15-FEB-1983",0,"/","986:",8.3,3.8,54,13.6,24.4,17.6,31.2,21,2.74,0
"16-MAR-1983",0,"/","987:",59.5,3.5,68.1,12.6,24.7,18.4,31,22.8,9.34,0
"16-APR-1983",0,"/","988:",168.6,3.1,75.7,11.1,24.6,19.1,30.2,24,15.97,0
"16-MAY-1983",0,"/","989:",126.2,3,69,10.8,24.2,18.8,29.6,24.4,14.84,0
"16-JUN-1983",0,"/","990:",210.8,2.7,75.8,9.9,23.3,18.4,28.3,23.4,12.87,0
"16-JUL-1983",0,"/","991:",158.8,2.5,79.1,9.5,22.5,17.8,27.3,23.3,11.74,0
"16-AUG-1983",0,"/","992:",181.3,2.5,83.5,9,22.3,17.8,26.8,23.3,12.78,0
"16-SEP-1983",0,"/","993:",221.5,3,71.9,10.6,22.6,17.3,27.9,23,17.98,0
"16-OCT-1983",0,"/","994:",313.3,2.8,77.5,10.3,22.7,17.6,27.9,22.8,19.18,0
"16-NOV-1983",0,"/","995:",135.9,3.1,67.6,11.6,23.3,17.5,29.1,22.5,15.02,0
"16-DEC-1983",0,"/","996:",58.8,3,69.7,12.5,22.9,16.7,29.2,20.5,9.93,0
"16-JAN-1984",0,"/","997:",21.4,3.5,51.5,13.5,22.4,15.7,29.2,19.2,4.97,0
"15-FEB-1984",0,"/","998:",82,3.9,50.6,14,24,17,31,20.2,10.37,0
"16-MAR-1984",0,"/","999:",103.7,3.7,62.3,12.8,24.5,18.1,30.9,21.9,12.36,0
"16-APR-1984",0,"/","1000:",155.4,3.4,64.3,11.4,23.9,18.2,29.6,22.7,15.59,0
"16-MAY-1984",0,"/","1001:",110.5,3.2,62,11.1,23.7,18.2,29.3,22.9,13.44,0
"16-JUN-1984",0,"/","1002:",110.7,2.9,65.8,10.5,22.9,17.7,28.2,22.4,8.98,0
"16-JUL-1984",0,"/","1003:",210.3,2.7,72.7,9.9,21.9,17,26.9,21.7,13.33,0
"16-AUG-1984",0,"/","1004:",202.5,2.8,74.1,10.2,22.2,17.1,27.3,21.9,13.33,0
"16-SEP-1984",0,"/","1005:",131.8,3.3,62.6,11.7,22.5,16.7,28.4,21.9,13.88,0
"16-OCT-1984",0,"/","1006:",194.1,3.5,57.3,12.5,23.2,17,29.5,21.9,17.24,0
"16-NOV-1984",0,"/","1007:",175.8,3.3,60.3,12,23,17,29,21.6,17.19,0
"16-DEC-1984",0,"/","1008:",57.7,3.3,57.3,12.5,23.4,17.2,29.7,21.1,11.01,0
"16-JAN-1985",0,"/","1009:",59,3.5,56.9,12.7,24.5,18.2,30.9,22,10.49,0
"15-FEB-1985",0,"/","1010:",14.1,3.7,56.2,13.2,22.9,16.3,29.5,19,3.05,0
"16-MAR-1985",0,"/","1011:",162.3,3.5,65.6,12.2,23.9,17.8,30,21.5,15.29,0
"16-APR-1985",0,"/","1012:",204.8,3,73.4,10.6,22.8,17.5,28.1,21.9,17.76,0
"16-MAY-1985",0,"/","1013:",233.9,3,66.3,10.5,23.1,17.9,28.4,22.6,19.57,0
"16-JUN-1985",0,"/","1014:",190.1,2.8,67.8,10.1,22.6,17.6,27.7,22.1,12.19,0
"16-JUL-1985",0,"/","1015:",145.9,2.7,73.3,9.8,21.8,16.9,26.7,21.5,11.26,0
"16-AUG-1985",0,"/","1016:",168.1,2.8,74.6,9.8,22.3,17.4,27.2,22.2,12.02,0
"16-SEP-1985",0,"/","1017:",178.5,3,69.5,10.6,22.2,16.9,27.5,22,15.98,0
"16-OCT-1985",0,"/","1018:",140.2,3.2,65.2,11.3,23,17.4,28.7,22.1,14.9,0
"16-NOV-1985",0,"/","1019:",124.2,3.2,62.6,11.9,23.4,17.5,29.4,21.9,14.6,0
"16-DEC-1985",0,"/","1020:",59.5,3.2,64.5,12,23.3,17.3,29.3,20.7,10.9,0
"16-JAN-1986",0,"/","1021:",27.4,3.7,48.4,13.8,23.4,16.5,30.3,19.9,6.71,0
"15-FEB-1986",0,"/","1022:",72.5,3.7,58.3,13,24.2,17.7,30.7,20.2,9.8,0
"16-MAR-1986",0,"/","1023:",122.9,3.4,68.9,12,23.8,17.8,29.8,21.5,13.48,0
"16-APR-1986",0,"/","1024:",214.5,3.3,66.5,11.1,23.7,18.2,29.3,22.5,18.05,0
"16-MAY-1986",0,"/","1025:",115.5,3.2,63.1,11,23.9,18.4,29.4,23.2,13.87,0
"16-JUN-1986",0,"/","1026:",210,2.8,67.5,10.1,22.6,17.6,27.7,22.3,12.44,0
"16-JUL-1986",0,"/","1027:",154.8,2.6,75,9.6,21.9,17.1,26.7,22,11.63,0
"16-AUG-1986",0,"/","1028:",142.8,3,69.7,10.6,22.8,17.5,28.1,22.3,11.53,0
"16-SEP-1986",0,"/","1029:",181.3,3.1,67.9,10.9,22.4,17,27.9,22.1,16.37,0
"16-OCT-1986",0,"/","1030:",175,3.2,67.1,11.2,23.1,17.5,28.7,22.1,16.31,0
"16-NOV-1986",0,"/","1031:",191.3,3.2,62.6,11.8,23.5,17.6,29.4,22,17.72,0
"16-DEC-1986",0,"/","1032:",53.2,3.2,60.9,11.9,22.9,17,28.9,20.4,10.41,0
"16-JAN-1987",0,"/","1033:",25.5,3.6,49.7,13.5,23.3,16.6,30.1,20,5.94,0
"15-FEB-1987",0,"/","1034:",104.4,3.9,52.2,13.5,24.4,17.7,31.2,20.4,11.29,0
"16-MAR-1987",0,"/","1035:",207.5,3.7,61.7,12.5,24.2,18,30.5,21.4,16.86,0
"16-APR-1987",0,"/","1036:",173.8,3.6,58.5,11.7,24.3,18.5,30.2,23.1,16.29,0
"16-MAY-1987",0,"/","1037:",163.1,3.1,66.3,10.5,23.7,18.5,29,22.8,16.68,0
"16-JUN-1987",0,"/","1038:",220.1,2.8,69.4,9.9,23.1,18.2,28.1,22.9,13.01,0
"16-JUL-1987",0,"/","1039:",176.5,2.9,67.1,10.6,22.9,17.6,28.2,22.3,12.12,0
"16-AUG-1987",0,"/","1040:",188.7,3.1,64.7,11,23.1,17.6,28.6,22.6,12.87,0
"16-SEP-1987",0,"/","1041:",198.3,3.5,57.1,12.3,23.2,17.1,29.4,22.5,16.82,0
"16-OCT-1987",0,"/","1042:",189.9,3.3,63,11.8,23.4,17.5,29.3,22.6,17.02,0
"16-NOV-1987",0,"/","1043:",164.3,3.4,58.7,12.4,23.7,17.5,29.9,22.3,15.82,0
"16-DEC-1987",0,"/","1044:",37.2,3.6,49.7,12.5,23.9,17.7,30.2,21.2,8.82,0
"16-JAN-1988",0,"/","1045:",52.2,3.6,52.7,13.7,23.9,17.1,30.8,20.5,9.7,0
"15-FEB-1988",0,"/","1046:",74.7,4,50.4,14.2,24.6,17.5,31.7,20.8,9.83,0
"16-MAR-1988",0,"/","1047:",138.1,3.8,61.7,13.1,24.9,18.4,31.5,22.5,14.16,0
"16-APR-1988",0,"/","1048:",168.7,3.4,62,11.8,24,18.1,29.9,23.1,16.29,0
"16-MAY-1988",0,"/","1049:",194.3,3.3,59.6,11.6,23.7,17.9,29.5,23.4,17.81,0
"16-JUN-1988",0,"/","1050:",193.3,3,61.7,10.8,23,17.6,28.4,22.9,12.16,0
"16-JUL-1988",0,"/","1051:",199.6,2.6,75.3,10.1,21.7,16.7,26.8,22.2,12.92,0
"16-AUG-1988",0,"/","1052:",265.2,2.7,77.3,9.7,22.2,17.4,27.1,22.6,15,0
"16-SEP-1988",0,"/","1053:",212.5,3.1,68.1,11,22.3,16.8,27.8,22.3,17.68,0
"16-OCT-1988",0,"/","1054:",177.8,3.1,67.5,11.5,22.8,17.1,28.6,22.5,16.44,0
"16-NOV-1988",0,"/","1055:",177.7,3.2,61.5,12.2,23,16.9,29.1,22.1,16.62,0
"16-DEC-1988",0,"/","1056:",74.1,3.3,55.3,12.8,22.8,16.4,29.2,20.6,12.07,0
"16-JAN-1989",0,"/","1057:",43.4,3.4,51.1,13.3,21.4,14.8,28.1,19.2,6.66,0
"15-FEB-1989",0,"/","1058:",48.7,3.7,53.9,13.5,22.8,16.1,29.6,19.4,7.82,0
"16-MAR-1989",0,"/","1059:",183.9,3.5,64.9,12.4,23.7,17.5,29.9,21.3,16.1,0
"16-APR-1989",0,"/","1060:",128.5,3.3,65.1,11.3,23.5,17.9,29.2,22.5,14.16,0
"16-MAY-1989",0,"/","1061:",186.6,3,64.5,10.8,22.8,17.4,28.2,22.5,17.44,0
"16-JUN-1989",0,"/","1062:",83.9,2.9,63.8,10.2,22.5,17.4,27.6,21.9,8.25,0
"16-JUL-1989",0,"/","1063:",86.7,2.6,74.2,9.7,22,17.2,26.9,22.2,8.14,0
"16-AUG-1989",0,"/","1064:",164.6,2.7,75.1,9.7,22.2,17.4,27.1,22.5,12.36,0
"16-SEP-1989",0,"/","1065:",168.9,3.1,66.4,10.8,22.7,17.3,28.1,22.7,15.94,0
"16-OCT-1989",0,"/","1066:",232.9,3.2,66.7,11.7,23,17.2,28.9,22.8,18.54,0
"16-NOV-1989",0,"/","1067:",126.4,3.3,61.4,12.5,23.4,17.2,29.7,22.2,14.68,0
"16-DEC-1989",0,"/","1068:",125.3,3.1,65.5,11.6,22.9,17.1,28.7,20.8,15.6,0
"16-JAN-1990",0,"/","1069:",52.2,3.5,52.2,12.9,23,16.6,29.5,20.2,8.6,0
"15-FEB-1990",0,"/","1070:",89.4,3.6,58.7,12.4,23.8,17.6,30,20.4,10.93,0
"16-MAR-1990",0,"/","1071:",140.5,3.6,63.7,12.1,23.9,17.9,30,21.9,14.34,0
"16-APR-1990",0,"/","1072:",151.1,3.3,66.6,11.3,24.4,18.8,30.1,23.4,15.1,0
"16-MAY-1990",0,"/","1073:",108.5,3.3,62.6,11.2,24.2,18.6,29.8,23.4,13.94,0
"16-JUN-1990",0,"/","1074:",111.3,3,63.5,10.8,23.7,18.3,29.1,23.4,9.29,0
"16-JUL-1990",0,"/","1075:",102.6,2.7,73.3,10,22.3,17.3,27.3,22.5,9.35,0
"16-AUG-1990",0,"/","1076:",197.4,2.8,73.1,9.7,22.3,17.5,27.2,22.6,13.14,0
"16-SEP-1990",0,"/","1077:",176.4,3.1,66.2,10.8,22.7,17.3,28.1,22.8,15.72,0
"16-OCT-1990",0,"/","1078:",184.8,3.2,65.9,11.2,23,17.4,28.6,22.6,16.84,0
"16-NOV-1990",0,"/","1079:",109.2,3.3,60.3,12,23.5,17.5,29.5,22.2,13.77,0
"16-DEC-1990",0,"/","1080:",106.2,3.2,61.9,11.8,23.7,17.8,29.6,21.3,15.05,0
"16-JAN-1991",0,"/","1081:",44.2,3.4,54.5,13.3,22.7,16.1,29.4,20.3,8.51,0
"15-FEB-1991",0,"/","1082:",49.2,3.9,51.4,13.4,24.3,17.6,31,20.1,7.21,0
"16-MAR-1991",0,"/","1083:",142.8,3.6,65.3,12.4,24.1,17.9,30.3,21.8,13.73,0
"16-APR-1991",0,"/","1084:",168.5,3.4,63.1,11.3,23.8,18.2,29.5,22.9,16.2,0
"16-MAY-1991",0,"/","1085:",139,3,66.6,10.9,23.3,17.9,28.8,23.3,15.49,0
"16-JUN-1991",0,"/","1086:",214.2,2.8,67.9,10.3,22.9,17.8,28.1,22.8,12.77,0
"16-JUL-1991",0,"/","1087:",170.7,2.5,75.9,9.8,21.8,16.9,26.7,22.4,12.21,0
"16-AUG-1991",0,"/","1088:",175.8,2.7,74.6,9.9,21.9,17,26.9,22.5,12.42,0
"16-SEP-1991",0,"/","1089:",145.6,3.1,66.2,11.1,22.3,16.8,27.9,22.5,14.75,0
"16-OCT-1991",0,"/","1090:",230.8,3,69.5,11.3,22.6,17,28.3,22.5,18.43,0
"16-NOV-1991",0,"/","1091:",111,3.1,63.3,12,22.9,16.9,28.9,22.1,13.72,0
"16-DEC-1991",0,"/","1092:",44.1,3.3,55.8,12.3,22.5,16.4,28.7,20.9,9.45,0
"16-JAN-1992",0,"/","1093:",29.6,3.7,49.6,13.4,23.7,17,30.4,20,6.36,0
"15-FEB-1992",0,"/","1094:",48.1,3.8,54.6,13.4,23.8,17.1,30.5,19.7,7.51,0
"16-MAR-1992",0,"/","1095:",121.7,3.7,60.4,12.4,24,17.8,30.2,21.4,13.16,0
"16-APR-1992",0,"/","1096:",184.1,3.3,65.9,11.3,23.8,18.2,29.5,22.5,16.66,0
"16-MAY-1992",0,"/","1097:",154.9,3.1,64,10.9,23.4,18,28.9,22.7,15.97,0
"16-JUN-1992",0,"/","1098:",211.9,2.7,74.8,10.2,22.7,17.6,27.8,22.2,12.52,0
"16-JUL-1992",0,"/","1099:",140.4,2.6,74.8,9.7,21.7,16.9,26.6,21.8,10.88,0
"16-AUG-1992",0,"/","1100:",172.3,2.6,80.6,9.8,21.9,17,26.8,22,12.4,0
"16-SEP-1992",0,"/","1101:",150,3,69.2,11,22.3,16.8,27.8,21.9,14.93,0
"16-OCT-1992",0,"/","1102:",207.7,3,71.6,11.3,22.7,17.1,28.4,22.1,17.3,0
"16-NOV-1992",0,"/","1103:",116.2,3.2,61.4,11.9,22.9,17,28.9,21.7,14.08,0
"16-DEC-1992",0,"/","1104:",74.4,3.3,56.7,12.3,22.9,16.8,29.1,20.5,12.33,0
"16-JAN-1993",0,"/","1105:",43.6,3.6,49.7,13.3,23.1,16.5,29.8,20,8.25,0
"15-FEB-1993",0,"/","1106:",83.8,3.9,51.2,13.4,23.6,16.9,30.3,19.8,10.11,0
"16-MAR-1993",0,"/","1107:",123.3,3.7,59.5,12.4,23.8,17.6,30,21.4,13.43,0
"16-APR-1993",0,"/","1108:",136.2,3.4,60,11.3,23.5,17.9,29.2,22.5,14.61,0
"16-MAY-1993",0,"/","1109:",213.1,3.1,64,10.9,22.7,17.3,28.2,22.3,18.6,0
"16-JUN-1993",0,"/","1110:",193.7,3,65.3,10.3,23.7,18.6,28.9,22.5,12.21,0
"16-JUL-1993",0,"/","1111:",98.2,2.8,72.7,9.8,22.9,18,27.8,22.2,8.29,0
"16-AUG-1993",0,"/","1112:",196.3,2.9,73.3,9.8,23.5,18.6,28.4,22.6,13.24,0
"16-SEP-1993",0,"/","1113:",158,3.1,65.3,11,22.3,16.8,27.8,22.6,15.36,0
"16-OCT-1993",0,"/","1114:",167.2,3.2,63.9,11.3,22.1,16.5,27.8,21.5,15.88,0
"16-NOV-1993",0,"/","1115:",117.6,3.7,58.6,11.9,26,20.1,32,22.6,14.13,0
"16-DEC-1993",0,"/","1116:",70.6,3.3,57.2,12.3,23,16.9,29.2,21.3,11.97,0
"16-JAN-1994",0,"/","1117:",53.6,3.6,49,13.3,23.1,16.5,29.8,20.7,10.19,0
"15-FEB-1994",0,"/","1118:",26.2,3.8,49.3,13.4,23.4,16.7,30.1,20.5,4.96,0
"16-MAR-1994",0,"/","1119:",116.6,3.4,64.9,12.4,23.5,17.3,29.7,22.3,13.11,0
"16-APR-1994",0,"/","1120:",187.8,3.3,63.7,11.3,23.6,18,29.3,23.6,16.88,0
"16-MAY-1994",0,"/","1121:",260.6,3.2,65.5,10.9,23.8,18.4,29.3,22.6,20.01,0
"16-JUN-1994",0,"/","1122:",163,2.9,67,10.3,22.7,17.6,27.9,22.2,11.27,0
"16-JUL-1994",0,"/","1123:",155,2.5,75.7,9.8,21.3,16.4,26.2,21.5,11.54,0
"16-AUG-1994",0,"/","1124:",242.3,2.7,76.5,9.8,21.9,17,26.8,21.7,14.59,0
"16-SEP-1994",0,"/","1125:",128.1,3.2,64.5,11,22.5,17,28,21.7,13.46,0
"16-OCT-1994",0,"/","1126:",201.9,3.2,63.6,11.3,22.7,17.1,28.4,21.7,17.5,0
"16-NOV-1994",0,"/","1127:",152.8,3.1,66.2,11.9,22.8,16.9,28.8,21.3,15.95,0
"16-DEC-1994",0,"/","1128:",53.7,3.3,58,12.3,22.8,16.7,29,20.2,10.7,0
"16-JAN-1995",0,"/","1129:",30,3.6,48.8,13.3,22.9,16.3,29.6,19.9,6.79,0
"15-FEB-1995",0,"/","1130:",58.1,3.9,51.2,13.4,23.8,17.1,30.5,19.7,8.12,0
"16-MAR-1995",0,"/","1131:",113.8,3.6,64.5,12.4,24.2,18,30.4,21.5,12.35,0
"16-APR-1995",0,"/","1132:",168.8,3.5,62.6,11.3,24.4,18.8,30.1,23.3,16.21,0
"16-MAY-1995",0,"/","1133:",196.1,3.1,64.3,10.9,23.5,18.1,29,23.6,17.6,0
"16-JUN-1995",0,"/","1134:",169.6,2.7,72.7,10.3,23,17.9,28.2,23.1,11.19,0
"16-JUL-1995",0,"/","1135:",120.8,2.5,77,9.8,21.8,16.9,26.7,22.7,10.14,0
"16-AUG-1995",0,"/","1136:",137.9,2.9,75.1,9.8,23.4,18.5,28.3,22.6,11.08,0
"16-SEP-1995",0,"/","1137:",160.2,3.1,69.7,11,22.8,17.3,28.3,22.4,15.45,0
"16-OCT-1995",0,"/","1138:",187.3,3.1,68.6,11.3,22.8,17.2,28.5,22.5,16.53,0
"16-NOV-1995",0,"/","1139:",112.5,3.3,64.2,12,24.5,18.5,30.5,22.3,13.64,0
"16-DEC-1995",0,"/","1140:",51.1,3.2,58.9,12.3,23,16.9,29.2,21,10.31,0
"16-JAN-1996",0,"/","1141:",78.6,3.5,53.8,13.3,23.4,16.8,30.1,20.4,12.49,0
"15-FEB-1996",0,"/","1142:",65.5,3.8,53.8,13.5,23.8,17.1,30.6,20.2,9.81,0
"16-MAR-1996",0,"/","1143:",139.4,3.5,64.1,12.4,23.6,17.4,29.8,21.8,14.14,0
"16-APR-1996",0,"/","1144:",123.9,3.3,66.3,11.3,23.6,18,29.3,22.9,13.45,0
"16-MAY-1996",0,"/","1145:",156,3.1,63.1,10.9,23.3,17.9,28.8,23.4,16.06,0
"16-JUN-1996",0,"/","1146:",170.8,2.8,68.5,10.4,22.7,17.5,27.9,22.9,10.91,0
"16-JUL-1996",0,"/","1147:",116.6,2.5,80.3,9.7,22.2,17.4,27.1,22,10.02,0
"16-AUG-1996",0,"/","1148:",175.8,2.8,73.7,9.9,22,17.1,27,22,12.49,0
"16-SEP-1996",0,"/","1149:",159,3,69.4,11,22.3,16.8,27.8,22.1,15.53,0
"16-OCT-1996",0,"/","1150:",253.4,3.1,67.5,11.3,22.7,17.1,28.4,22.1,19.15,0
"16-NOV-1996",0,"/","1151:",130.1,3.2,63.8,11.9,23.1,17.2,29.1,21.7,13.93,0
"16-DEC-1996",0,"/","1152:",46.9,3.3,58.7,12.3,22.9,16.8,29.1,20.5,9.51,0
"16-JAN-1997",0,"/","1153:",89.1,3.6,53.8,13.3,23.4,16.8,30.1,20,13.01,0
"15-FEB-1997",0,"/","1154:",21.2,3.8,53.8,13.4,23.8,17.1,30.5,19.8,2.92,0
"16-MAR-1997",0,"/","1155:",120.1,3.8,62.2,12.4,24.8,18.6,31,21.5,13.23,0
"16-APR-1997",0,"/","1156:",195.4,3.3,66.3,11.3,23.7,18.1,29.4,22.6,17.42,0
"16-MAY-1997",0,"/","1157:",152.4,2.9,72.4,10.9,23.4,18,28.9,22.8,16.1,0
"16-JUN-1997",0,"/","1158:",137.9,2.9,66.1,10.3,22.9,17.8,28.1,22.4,10.37,0
"16-JUL-1997",0,"/","1159:",129.6,2.5,78.6,9.8,21.8,16.9,26.7,21.9,10.74,0
"16-AUG-1997",0,"/","1160:",148,2.8,72.8,9.8,21.8,16.9,26.7,22.1,11.3,0
"16-SEP-1997",0,"/","1161:",108.8,3.2,65,11,22.6,17.1,28.1,22.1,12.53,0
"16-OCT-1997",0,"/","1162:",195.2,3.1,68.4,11.3,22.9,17.3,28.6,22.1,17.16,0
"16-NOV-1997",0,"/","1163:",181.1,3.2,63.8,12,23.2,17.2,29.2,21.7,17.13,0
"16-DEC-1997",0,"/","1164:",114.5,3.1,66,12.3,23,16.9,29.2,20.6,14.88,0
"16-JAN-1998",0,"/","1165:",106.2,3.6,53.8,13.4,23.4,16.7,30.1,20,13.98,0
"15-FEB-1998",0,"/","1166:",59.6,3.9,53.8,13.5,24.2,17.5,31,20,9.19,0
"16-MAR-1998",0,"/","1167:",134.3,3.8,61.5,12.4,25.3,19.1,31.5,22.1,13.93,0
"16-APR-1998",0,"/","1168:",152.6,3.3,66.3,11.3,24.1,18.5,29.8,23.4,15.64,0
"16-MAY-1998",0,"/","1169:",180.5,3,67.2,10.9,23.3,17.9,28.8,23.7,17.53,0
"16-JUN-1998",0,"/","1170:",140.7,3,61.2,10.3,22.9,17.8,28.1,23.1,10.56,0
"16-JUL-1998",0,"/","1171:",145.1,2.5,78.2,9.8,21.8,16.9,26.7,22.7,11.02,0
"16-AUG-1998",0,"/","1172:",133.7,2.7,72.9,9.7,22,17.2,26.9,22.8,10.63,0
"16-SEP-1998",0,"/","1173:",148.5,3,70.3,11,22.7,17.2,28.2,22.6,14.88,0
"16-OCT-1998",0,"/","1174:",217.4,3.1,67.5,10.5,22.8,17.6,28.1,22.8,18.03,0
"16-NOV-1998",0,"/","1175:",114.1,3.2,63.8,12.5,23.5,17.3,29.8,21.9,13.91,0
"16-DEC-1998",0,"/","1176:",37.9,3.4,61.2,13.3,24.5,17.9,31.2,20.6,8.29,0
"16-JAN-1999",0,"/","1177:",45.4,3.5,53.8,13,23.3,16.8,29.8,20.4,8.05,0
"15-FEB-1999",0,"/","1178:",41.9,4,53.8,13.8,25.1,18.2,32,20.2,7.32,0
"16-MAR-1999",0,"/","1179:",146.3,3.5,69,12.4,24.1,17.9,30.3,21.8,14.45,0
"16-APR-1999",0,"/","1180:",126.1,3.3,66.3,11.3,24,18.4,29.7,23.1,14.05,0
"16-MAY-1999",0,"/","1181:",140.7,3.1,61.3,10.9,23,17.6,28.5,23.1,15.42,0
"16-JUN-1999",0,"/","1182:",115.4,3,60.5,10.3,22.7,17.6,27.9,22.8,9.37,0
"16-JUL-1999",0,"/","1183:",108,2.6,74,9.8,21.9,17,26.8,22.3,9.13,0
"16-AUG-1999",0,"/","1184:",214.4,2.5,83.7,9.8,21.9,17,26.8,22.3,13.88,0
"16-SEP-1999",0,"/","1185:",162.4,3,68.3,11,22.3,16.8,27.8,22.4,15.54,0
"16-OCT-1999",0,"/","1186:",217.4,3.1,63.2,9.9,22.1,17.2,27.1,22.8,18.05,0
"16-NOV-1999",0,"/","1187:",112.2,3.2,63.8,12,23.2,17.2,29.2,22,13.71,0
"16-DEC-1999",0,"/","1188:",61.1,3.2,62.2,12.3,23.1,17,29.3,20.7,11.33,0
"16-JAN-2000",0,"/","1189:",26.1,3.6,53.8,13.6,23.6,16.8,30.4,20,6.43,0
"15-FEB-2000",0,"/","1190:",35,3.9,53.8,13.4,24.5,17.8,31.2,20,5.96,0
"16-MAR-2000",0,"/","1191:",84.9,3.6,65.1,13,24.1,17.6,30.6,21.2,11.01,0
"16-APR-2000",0,"/","1192:",137.5,3.4,66.3,11.6,24.6,18.8,30.4,22.9,14.72,0
"16-MAY-2000",0,"/","1193:",132.6,3.2,65.4,11.3,24.7,19.1,30.4,23.9,15.07,0
"16-JUN-2000",0,"/","1194:",122.9,3,63.7,10.7,23.2,17.9,28.6,23.4,9.99,0
"16-JUL-2000",0,"/","1195:",124.4,2.9,65.9,9.4,23,18.3,27.7,22.6,10.29,0
"16-AUG-2000",0,"/","1196:",165.9,2.9,74.5,10.1,23.6,18.6,28.7,23,12.34,0
"16-SEP-2000",0,"/","1197:",129.8,3.1,69.6,11.9,22.6,16.7,28.6,22.8,14.03,0
"16-OCT-2000",0,"/","1198:",199,3.1,68.3,11.3,22.8,17.2,28.5,23.3,17.13,0
"16-NOV-2000",0,"/","1199:",129.4,3.3,63.8,12.8,24.4,18,30.8,22.5,14.6,0
"16-DEC-2000",0,"/","1200:",56.5,3.2,60,12.4,23.4,17.2,29.6,21.5,10.23,0
"16-JAN-2001",0,"/","1201:",44.8,3.7,53.8,13.6,24.6,17.8,31.4,20.5,8.15,0
"15-FEB-2001",0,"/","1202:",65.8,4.1,53.8,13.4,25.8,19.1,32.5,20.9,9,0
"16-MAR-2001",0,"/","1203:",126.4,3.7,64.2,11.9,25,19.1,31,22.2,13.37,0
"16-APR-2001",0,"/","1204:",165.3,3.5,66.3,11.4,25.3,19.6,31,23.7,16.01,0
"16-MAY-2001",0,"/","1205:",158.8,3.3,65,11,25.2,19.7,30.7,23.9,16.19,0
"16-JUN-2001",0,"/","1206:",151.3,3,64,10.1,23.4,18.4,28.5,22.9,10.71,0
"16-JUL-2001",0,"/","1207:",146.3,2.6,79.8,9.6,23.3,18.5,28.1,22.8,11.11,0
"16-AUG-2001",0,"/","1208:",185.5,2.8,76.3,9.8,23,18.1,27.9,22.9,12.79,0
"16-SEP-2001",0,"/","1209:",170.6,3.1,70.8,11.4,23.2,17.5,28.9,22.9,15.78,0
"16-OCT-2001",0,"/","1210:",196.8,3.3,67.5,11.3,24.2,18.6,29.9,23.3,17.04,0
"16-NOV-2001",0,"/","1211:",130.2,3.3,63.8,12,24.2,18.2,30.2,22.7,14.61,0
"16-DEC-2001",0,"/","1212:",57.6,3.2,63.7,13.3,23.3,16.7,30,21,10.27,0
"16-JAN-2002",0,"/","1213:",44.7,3.7,53.8,13.3,24.6,18,31.3,20.6,8.14,0
"15-FEB-2002",0,"/","1214:",66.2,4.1,53.8,13.4,26,19.3,32.7,21.1,9.05,0
"16-MAR-2002",0,"/","1215:",128.1,3.7,65,12.4,25.1,18.9,31.3,22.2,13.45,0
"16-APR-2002",0,"/","1216:",165,3.5,66.3,11.3,25.6,20,31.3,23.7,16,0
"16-MAY-2002",0,"/","1217:",158.6,3.3,64.3,10.9,24.9,19.5,30.4,24,16.18,0
"16-JUN-2002",0,"/","1218:",151.7,3,67.5,10.2,24.2,19.1,29.3,23.4,10.72,0
"16-JUL-2002",0,"/","1219:",145.9,2.8,75,9.8,24.1,19.2,29,23.2,11.09,0
"16-AUG-2002",0,"/","1220:",185.8,2.9,76.3,10.2,23.9,18.8,29,23,12.8,0
"16-SEP-2002",0,"/","1221:",171.2,3.4,67.5,11.9,24.4,18.5,30.4,23,15.81,0
"16-OCT-2002",0,"/","1222:",198,3.2,67.5,11.6,23.3,17.5,29.1,22.2,17.07,0
"16-NOV-2002",0,"/","1223:",130.3,3.3,63.8,11.1,24.2,18.7,29.8,22.9,14.62,0
"16-DEC-2002",0,"/","1224:",59.8,3.4,60,12.3,24.4,18.3,30.6,21.3,10.45,0
"16-JAN-2003",0,"/","1225:",45.4,3.7,52,13.3,24.5,17.9,31.2,21.1,8.27,0
"15-FEB-2003",0,"/","1226:",66.8,3.9,53.8,13.4,24.4,17.7,31.1,20.9,9.07,0
"16-MAR-2003",0,"/","1227:",127,3.8,63.7,12.3,25.4,19.3,31.6,22.6,13.41,0
"16-APR-2003",0,"/","1228:",164.7,3.5,66,10.6,25.6,20.3,30.9,24.1,15.99,0
"16-MAY-2003",0,"/","1229:",159.4,3.3,64.8,10.4,25.2,20,30.4,24.1,16.22,0
"16-JUN-2003",0,"/","1230:",150.7,2.9,67,9.9,23.6,18.7,28.6,23.2,10.69,0
"16-JUL-2003",0,"/","1231:",146.1,2.8,73.3,9.7,23.4,18.6,28.3,22.9,11.11,0
"16-AUG-2003",0,"/","1232:",186.6,2.7,76.3,9.8,22.6,17.7,27.5,23,12.82,0
"16-SEP-2003",0,"/","1233:",171.8,3.1,68.9,9.9,23.5,18.6,28.5,23.8,15.83,0
"16-OCT-2003",0,"/","1234:",195.5,3.2,67.5,11.3,23.9,18.3,29.6,23.3,16.98,0
"16-NOV-2003",0,"/","1235:",129.9,3.3,63.2,11.3,24.4,18.8,30.1,23.2,14.59,0
"16-DEC-2003",0,"/","1236:",58.3,3.7,56.7,13.1,25.8,19.3,32.4,21.7,10.36,0
"16-JAN-2004",0,"/","1237:",46.6,3.7,53.5,12.6,25.1,18.8,31.4,21.6,8.35,0
"15-FEB-2004",0,"/","1238:",65.5,4.1,50.4,14.2,25.5,18.4,32.6,20.7,8.96,0
"16-MAR-2004",0,"/","1239:",126.9,3.7,65,12.5,25.1,18.9,31.4,22.5,13.4,0
"16-APR-2004",0,"/","1240:",166,3.3,66.9,10.3,24.3,19.2,29.5,23.4,16.04,0
"16-MAY-2004",0,"/","1241:",158.2,3.3,64.5,10.7,24.7,19.4,30.1,24,16.16,0
"16-JUN-2004",0,"/","1242:",151,3,66.8,10,24,19,29,23.5,10.69,0
"16-JUL-2004",0,"/","1243:",145.7,2.8,72.6,10,23.4,18.4,28.4,22.9,11.1,0
"16-AUG-2004",0,"/","1244:",187.6,2.9,73.9,10.2,23.5,18.4,28.6,23.1,12.84,0
"16-SEP-2004",0,"/","1245:",169.7,3.2,66.4,11,23,17.5,28.5,22.6,15.73,0
"16-OCT-2004",0,"/","1246:",195.8,3.3,66.3,11.3,24,18.4,29.7,22.9,17,0
"16-NOV-2004",0,"/","1247:",131.1,3.3,62.7,11.5,24.2,18.5,30,22.6,14.65,0
"16-DEC-2004",0,"/","1248:",57.6,3.4,59,12,24,18,30,21,10.22,0
"16-JAN-2005",0,"/","1249:",44.7,3.6,51.1,13.5,23.4,16.7,30.2,19.9,8.14,0
"15-FEB-2005",0,"/","1250:",65.5,4.3,50.6,13.9,26.9,20,33.9,20.8,8.93,0
"16-MAR-2005",0,"/","1251:",126.5,3.8,65.4,11.7,26,20.2,31.9,22.8,13.38,0
"16-APR-2005",0,"/","1252:",165,3.7,63.2,11.9,26.3,20.4,32.3,23.9,16,0
"16-MAY-2005",0,"/","1253:",159.1,3.2,65.3,10.3,24.2,19.1,29.4,23.4,16.2,0
"16-JUN-2005",0,"/","1254:",150.8,3,67,9.9,23.8,18.9,28.8,23.4,10.69,0
"16-JUL-2005",0,"/","1255:",145.6,2.7,74,9.4,22.4,17.7,27.1,22.5,11.08,0
"16-AUG-2005",0,"/","1256:",185.1,2.8,75,9.8,23.1,18.2,28,22.8,12.76,0
"16-SEP-2005",0,"/","1257:",170.5,3.3,66.4,11,23.7,18.2,29.2,23.3,15.78,0
"16-OCT-2005",0,"/","1258:",195.7,3.2,66.9,11,23.4,17.9,28.9,22.9,16.99,0
"16-NOV-2005",0,"/","1259:",129.2,3.4,61.1,12.1,25,19,31.1,23.8,14.55,0
"16-DEC-2005",0,"/","1260:",57.5,3.8,53.8,14.3,25.9,18.8,33.1,21.6,10.22,0
"16-JAN-2006",0,"/","1261:",44.7,3.8,53.1,12.9,25.2,18.8,31.7,21,8.14,0
"15-FEB-2006",0,"/","1262:",65.7,4.2,52,13.2,26.3,19.7,32.9,21.2,8.99,0
"16-MAR-2006",0,"/","1263:",128.8,3.7,65.7,11.6,25.8,20,31.6,22.6,13.48,0
"16-APR-2006",0,"/","1264:",165.7,3.5,65,11.2,25.6,20,31.2,24.1,16.03,0
"16-MAY-2006",0,"/","1265:",159.4,3.1,65,10.7,23.4,18.1,28.8,23.1,16.22,0
"16-JUN-2006",0,"/","1266:",150.5,2.9,66.2,10.3,23.1,18,28.3,22.8,10.69,0
"16-JUL-2006",0,"/","1267:",145.2,2.8,72.6,9.9,23.2,18.3,28.2,23.2,11.07,0
"16-AUG-2006",0,"/","1268:",187.6,2.8,78.2,9.5,23.3,18.6,28.1,23.4,12.84,0
"16-SEP-2006",0,"/","1269:",171.4,3.1,67.1,10.7,22.7,17.4,28.1,22.6,15.82,0
"16-OCT-2006",0,"/","1270:",195.6,3.3,66.3,11.3,24.3,18.7,30,23.6,16.99,0
"16-NOV-2006",0,"/","1271:",129.7,3.3,63.8,11.9,24.5,18.6,30.5,23,14.59,0
"16-DEC-2006",0,"/","1272:",59.1,3.4,59.1,11.8,24.1,18.2,30,21.3,10.42,0
"16-JAN-2007",0,"/","1273:",44.6,3.7,53.3,12.7,24.5,18.2,30.9,21.2,8.12,0
"15-FEB-2007",0,"/","1274:",65.4,4.1,52.1,13,26.2,19.7,32.7,21.2,8.91,0
"16-MAR-2007",0,"/","1275:",126.2,4,65,12.5,26.9,20.7,33.2,22.7,13.36,0
"16-APR-2007",0,"/","1276:",165.4,3.5,65.9,10.9,25.9,20.5,31.4,24.1,16.02,0
"16-MAY-2007",0,"/","1277:",159.2,3.4,63.3,11.1,25.7,20.2,31.3,24.3,16.21,0
"16-JUN-2007",0,"/","1278:",151.2,2.9,67.5,10.2,22.9,17.8,28,22.6,10.71,0
"16-JUL-2007",0,"/","1279:",146.7,2.5,79.7,9.7,22.2,17.4,27.1,22.3,11.12,0
"16-AUG-2007",0,"/","1280:",185.8,2.8,75.7,9.5,22.8,18.1,27.6,22.7,12.79,0
"16-SEP-2007",0,"/","1281:",171.8,3.1,67.5,10.9,22.8,17.4,28.3,22.5,15.83,0
"16-OCT-2007",0,"/","1282:",195.5,3.2,67.5,11.4,23.8,18.1,29.5,22.7,16.98,0
"16-NOV-2007",0,"/","1283:",130.3,3.3,62.4,11.9,23.5,17.6,29.5,21.6,14.62,0
"16-DEC-2007",0,"/","1284:",57.4,3.6,58.7,12.1,25.6,19.6,31.7,22,10.2,0
"16-JAN-2008",0,"/","1285:",46.1,3.9,54.2,12.3,26.5,20.4,32.7,21.6,8.34,0
"15-FEB-2008",0,"/","1286:",65.4,4.1,53.4,12.8,26.3,19.9,32.7,21.5,8.91,0
"16-MAR-2008",0,"/","1287:",126.1,3.8,64.6,12.1,26.2,20.2,32.3,22.8,13.35,0
"16-APR-2008",0,"/","1288:",164.6,3.3,66.3,11.2,24,18.4,29.6,23.5,15.98,0
"16-MAY-2008",0,"/","1289:",158.7,3.2,65,10.5,24.1,18.9,29.4,23.9,16.19,0
"16-JUN-2008",0,"/","1290:",151.5,2.9,67,10,23.3,18.3,28.3,23,10.72,0
"16-JUL-2008",0,"/","1291:",145.7,2.8,73.3,9.8,23.2,18.3,28.1,22.9,11.09,0
"16-AUG-2008",0,"/","1292:",185.6,2.8,76.2,9.2,23.5,18.9,28.1,23.7,12.79,0
"16-SEP-2008",0,"/","1293:",173.1,3.2,67.7,10.6,23.6,18.3,28.9,23.5,15.88,0
"16-OCT-2008",0,"/","1294:",197.3,3.1,68.2,10.4,23.4,18.2,28.6,22.9,17.05,0
"16-NOV-2008",0,"/","1295:",130.4,3.3,62.5,11.9,24.5,18.6,30.5,23.2,14.62,0
"16-DEC-2008",0,"/","1296:",57.4,3.2,60,12.3,23,16.9,29.2,21.7,10.2,0
"16-JAN-2009",0,"/","1297:",45,3.8,53.8,13.3,25.6,19,32.3,21.2,8.2,0
"15-FEB-2009",0,"/","1298:",67.3,4,53.8,13.4,25.4,18.7,32.1,20.9,9.1,0
"16-MAR-2009",0,"/","1299:",126.1,3.7,64.4,12,25.3,19.3,31.3,22.8,13.35,0
"16-APR-2009",0,"/","1300:",165,3.4,65.8,10.7,25,19.7,30.4,23.5,16,0
"16-MAY-2009",0,"/","1301:",158.1,3.3,65,10.9,25.2,19.8,30.7,23.9,16.15,0
"16-JUN-2009",0,"/","1302:",150,2.9,67.5,10.3,23.2,18.1,28.4,23.5,10.66,0
"16-JUL-2009",0,"/","1303:",145.8,2.8,75,9.8,24.3,19.4,29.2,23.6,11.1,0
"16-AUG-2009",0,"/","1304:",185.7,2.9,76.3,9.8,24.2,19.3,29.1,23.5,12.79,0
"16-SEP-2009",0,"/","1305:",171.4,3.3,67.5,11,24.2,18.7,29.7,23.2,15.82,0
"16-OCT-2009",0,"/","1306:",195.3,3.3,66.5,11.2,24.5,18.9,30.1,23.6,16.97,0
"16-NOV-2009",0,"/","1307:",130.5,3.3,63.8,11.9,24.5,18.6,30.5,23.4,14.63,0
"16-DEC-2009",0,"/","1308:",58.6,3.6,60,12.3,25.8,19.7,32,22,10.39,0
"16-JAN-2010",0,"/","1309:",45,3.6,53.8,13.3,23.9,17.3,30.6,21.3,8.2,0
"15-FEB-2010",0,"/","1310:",66.8,3.8,53.8,13.4,24,17.3,30.7,19.7,9.08,0
"16-MAR-2010",0,"/","1311:",126.6,3.7,65,12.4,25.5,19.3,31.7,22.9,13.39,0
"16-APR-2010",0,"/","1312:",165.1,3.5,66.3,11.3,25.6,20,31.3,24.1,16.01,0
"16-MAY-2010",0,"/","1313:",158.7,3.2,65,10.9,24.8,19.4,30.3,24.4,16.19,0
"16-JUN-2010",0,"/","1314:",151.3,2.9,67.5,10.3,23.6,18.5,28.8,23.4,10.71,0
"16-JUL-2010",0,"/","1315:",146.7,2.7,75,9.8,23.1,18.2,28,22.9,11.12,0
"16-AUG-2010",0,"/","1316:",185,2.8,76.3,9.8,23.3,18.4,28.2,23.6,12.76,0
"16-SEP-2010",0,"/","1317:",170.7,3.3,67.5,11,23.9,18.4,29.4,23.4,15.79,0
"16-OCT-2010",0,"/","1318:",196.2,3.3,67.5,11.3,24.3,18.7,30,23.5,17.01,0
"16-NOV-2010",0,"/","1319:",129.5,3.4,63.8,11.9,24.9,19,30.9,23.2,14.58,0
"16-DEC-2010",0,"/","1320:",58.6,3.5,60,12.3,25,18.9,31.2,21.9,10.39,0
