"","YEAR","X","XX","PRED","PETD","CLDD","DTRD","TMPD","TMND","TMXD","VAPD","WETD","FRSD"
"16-JAN-1960",0,"/","709:",70.2,3.5,61.5,13.5,22.8,16.1,29.6,19.1,12.66,0
"15-FEB-1960",0,"/","710:",104.9,3.6,66,12.6,23.7,17.4,30,19.3,15.03,0
"16-MAR-1960",0,"/","711:",91.8,3.4,74.9,12.3,23.4,17.3,29.6,20,15.08,0
"16-APR-1960",0,"/","712:",110.5,2.9,82.2,10.5,22.9,17.7,28.2,20.9,17.42,0
"16-MAY-1960",0,"/","713:",103.2,3.1,68.3,11.2,23.3,17.7,28.9,21.4,16.51,0
"16-JUN-1960",0,"/","714:",62.1,2.3,99.5,11,22.8,17.3,28.3,20.7,8.12,0
"16-JUL-1960",0,"/","715:",57.4,2.8,71,11.1,21.7,16.2,27.3,20,8.15,0
"16-AUG-1960",0,"/","716:",151.6,2.9,75.8,10.8,22.1,16.7,27.5,20.5,12.54,0
"16-SEP-1960",0,"/","717:",101.8,3.1,71.7,11.3,22.3,16.7,28,20.4,13.46,0
"16-OCT-1960",0,"/","718:",144.8,3.1,72,11.4,22.3,16.6,28,20.7,18.16,0
"16-NOV-1960",0,"/","719:",102.1,3.1,68,12.2,22.7,16.6,28.8,20.5,15.92,0
"16-DEC-1960",0,"/","720:",45.5,3.2,65.2,12.6,23.1,16.8,29.4,20.2,11.81,0
"16-JAN-1961",0,"/","721:",38.7,3.4,65.4,14.2,23.1,16,30.2,19.4,8.42,0
"15-FEB-1961",0,"/","722:",62.5,3.5,65.9,12.8,23.2,16.8,29.6,19,12.13,0
"16-MAR-1961",0,"/","723:",85.2,3.5,70.1,12.6,23.7,17.4,30,20.4,14.69,0
"16-APR-1961",0,"/","724:",128.8,3.2,73.2,11.4,23.5,17.8,29.2,21.6,18.69,0
"16-MAY-1961",0,"/","725:",128.6,3.3,64.3,11.5,23.9,18.2,29.7,22.2,18.19,0
"16-JUN-1961",0,"/","726:",164.5,3,68.6,10.9,22.8,17.4,28.3,21.2,13,0
"16-JUL-1961",0,"/","727:",131.1,2.7,73.5,10.5,21.8,16.6,27.1,20.7,11.96,0
"16-AUG-1961",0,"/","728:",168.6,2.7,79,9.7,21.6,16.8,26.5,20.6,13.22,0
"16-SEP-1961",0,"/","729:",168.1,3,74.1,10.6,22.1,16.8,27.4,20.5,16.93,0
"16-OCT-1961",0,"/","730:",170.1,2.8,81.9,10.4,22,16.8,27.2,20.8,19.51,0
"16-NOV-1961",0,"/","731:",304.4,2.7,83.9,10.6,21.8,16.5,27.1,19.8,25.96,0
"16-DEC-1961",0,"/","732:",87,2.9,70,11.2,21.6,16,27.2,19,16.1,0
"16-JAN-1962",0,"/","733:",70.6,3.3,62.8,12.8,21.8,15.4,28.2,18.3,13.1,0
"15-FEB-1962",0,"/","734:",24.7,4,51.7,14.9,23.3,15.9,30.8,18.6,6.55,0
"16-MAR-1962",0,"/","735:",114.2,3.3,73.6,12.2,23.3,17.2,29.4,20.3,16.75,0
"16-APR-1962",0,"/","736:",125.1,3.1,73.2,11.4,23.1,17.4,28.8,21.2,18.33,0
"16-MAY-1962",0,"/","737:",131.1,3,70.3,11,22.8,17.3,28.3,21.2,18.26,0
"16-JUN-1962",0,"/","738:",126.9,2.9,70,10.9,22.4,17,27.9,20.7,11.65,0
"16-JUL-1962",0,"/","739:",48.9,2.9,70.2,11.2,21.9,16.3,27.5,20.5,7.51,0
"16-AUG-1962",0,"/","740:",143,2.8,78.8,10.3,21.9,16.8,27.1,20.6,12.45,0
"16-SEP-1962",0,"/","741:",188.2,3,74.4,11.1,22.2,16.7,27.8,20.9,17.75,0
"16-OCT-1962",0,"/","742:",190.6,3,74.1,11.4,22.1,16.4,27.8,20.8,20.41,0
"16-NOV-1962",0,"/","743:",121.7,3.2,66.1,12.7,22.6,16.3,29,20.8,17.17,0
"16-DEC-1962",0,"/","744:",92.3,3.1,68.1,12.3,22.6,16.5,28.8,20,16.13,0
"16-JAN-1963",0,"/","745:",151.5,3.3,65.2,12.8,22.9,16.5,29.3,19.5,18.5,0
"15-FEB-1963",0,"/","746:",99.9,3.7,61.5,13.2,23.4,16.8,30,19.3,15.3,0
"16-MAR-1963",0,"/","747:",110.3,3.5,70,12.6,23.6,17.3,29.9,20.4,16.13,0
"16-APR-1963",0,"/","748:",182.7,2.9,79.2,10.9,22.8,17.4,28.3,21.2,21.95,0
"16-MAY-1963",0,"/","749:",164.1,3,71.8,10.8,22.9,17.5,28.3,21.6,20.35,0
"16-JUN-1963",0,"/","750:",57.9,3,63.8,11,22.5,17,28,21,7.49,0
"16-JUL-1963",0,"/","751:",85.3,2.8,70,11.2,21.9,16.3,27.5,20.7,9.85,0
"16-AUG-1963",0,"/","752:",107.3,2.9,73.7,11.1,21.8,16.3,27.4,20.6,10.76,0
"16-SEP-1963",0,"/","753:",67.5,3.3,65,12.3,22.4,16.3,28.6,20.8,11,0
"16-OCT-1963",0,"/","754:",114,3.3,66,12.5,22.7,16.5,29,21,15.99,0
"16-NOV-1963",0,"/","755:",161.8,2.9,75.8,10.9,22.4,17,27.9,21.1,19.61,0
"16-DEC-1963",0,"/","756:",115.8,3,69.7,11.8,22.3,16.4,28.2,19.8,17.81,0
"16-JAN-1964",0,"/","757:",43.2,3.4,63.8,13.4,23.1,16.4,29.8,19.9,8.81,0
"15-FEB-1964",0,"/","758:",73.1,3.7,61.9,13.2,23.6,17,30.2,19.3,12.73,0
"16-MAR-1964",0,"/","759:",113.2,3.6,69.1,12.7,24,17.7,30.4,20.7,16.87,0
"16-APR-1964",0,"/","760:",165.3,3.1,73.1,11.2,23.2,17.6,28.8,21.3,20.91,0
"16-MAY-1964",0,"/","761:",83.7,3.1,66.1,11.6,23.2,17.4,29,21.7,14.71,0
"16-JUN-1964",0,"/","762:",93.9,2.9,68,10.9,22.5,17.1,28,20.8,10.19,0
"16-JUL-1964",0,"/","763:",90.7,2.8,72.2,10.9,21.5,16.1,27,20.4,9.91,0
"16-AUG-1964",0,"/","764:",132.1,2.8,76.6,10.3,21.5,16.4,26.7,20.5,11.83,0
"16-SEP-1964",0,"/","765:",149.9,3.1,71.2,11.3,21.8,16.2,27.5,20.5,16,0
"16-OCT-1964",0,"/","766:",189.5,3,74.3,11.3,21.8,16.2,27.5,20.5,20.49,0
"16-NOV-1964",0,"/","767:",90,3.3,63.9,12.9,22.6,16.2,29.1,20.4,14.18,0
"16-DEC-1964",0,"/","768:",127.5,3,71.1,12.1,22.1,16.1,28.2,19.8,19.16,0
"16-JAN-1965",0,"/","769:",36.1,3.5,57.9,13.9,22.7,15.8,29.7,19.2,8.75,0
"15-FEB-1965",0,"/","770:",38.4,3.7,60,13.8,22.8,15.9,29.7,18.3,9.66,0
"16-MAR-1965",0,"/","771:",127.6,3.4,73.4,12.4,23.7,17.5,29.9,20.7,17.61,0
"16-APR-1965",0,"/","772:",109.8,3.2,72.3,11.5,23,17.3,28.8,21.1,17.41,0
"16-MAY-1965",0,"/","773:",107.8,3.3,62,12.1,23.4,17.4,29.5,21.5,16.83,0
"16-JUN-1965",0,"/","774:",57.5,3.2,58.7,11.9,22.5,16.6,28.5,20.9,8.1,0
"16-JUL-1965",0,"/","775:",74,3,64.2,11.9,22,16.1,28,20.4,9.27,0
"16-AUG-1965",0,"/","776:",120.6,2.9,73.9,11.1,21.8,16.3,27.4,20.7,11.34,0
"16-SEP-1965",0,"/","777:",138.6,3.2,67.7,11.9,22.5,16.6,28.5,20.9,15.63,0
"16-OCT-1965",0,"/","778:",197.9,3,73.5,11.4,22.1,16.4,27.8,20.9,20.91,0
"16-NOV-1965",0,"/","779:",126.6,3.1,69,11.8,22.7,16.8,28.6,20.8,17.63,0
"16-DEC-1965",0,"/","780:",76.9,3.2,63.6,12.7,22.7,16.4,29.1,20.1,14.87,0
"16-JAN-1966",0,"/","781:",62.6,3.5,60.4,13.6,23.5,16.7,30.3,20.1,11.48,0
"15-FEB-1966",0,"/","782:",89.1,3.5,68.8,12.3,23.6,17.5,29.8,19.7,14.14,0
"16-MAR-1966",0,"/","783:",145.8,3.3,75.2,11.8,23.6,17.7,29.5,20.7,18.67,0
"16-APR-1966",0,"/","784:",188.6,3.1,73.4,11.2,22.9,17.3,28.5,21.1,22.24,0
"16-MAY-1966",0,"/","785:",59,3.2,63.9,11.9,23.4,17.5,29.4,21.9,12.68,0
"16-JUN-1966",0,"/","786:",86.6,3.2,58.4,11.5,22.9,17.2,28.7,21,9.41,0
"16-JUL-1966",0,"/","787:",90.4,2.9,71,11.1,22,16.5,27.6,20.6,10.13,0
"16-AUG-1966",0,"/","788:",164.2,2.9,75.2,10.9,21.9,16.5,27.4,20.4,12.93,0
"16-SEP-1966",0,"/","789:",173.2,3.2,69.8,11.4,22.3,16.6,28,20.6,17.12,0
"16-OCT-1966",0,"/","790:",121.7,3.2,69.9,11.9,22.4,16.5,28.4,20.9,16.65,0
"16-NOV-1966",0,"/","791:",103,3.1,68.4,12.3,22.6,16.5,28.8,20.6,15.85,0
"16-DEC-1966",0,"/","792:",33.7,3.3,61.4,13.1,22.7,16.2,29.3,19.9,8.56,0
"16-JAN-1967",0,"/","793:",33.3,3.5,58.4,14.1,22.9,15.9,30,19.3,8.69,0
"15-FEB-1967",0,"/","794:",23.5,3.8,58.9,14.2,23.6,16.5,30.7,19.2,7.54,0
"16-MAR-1967",0,"/","795:",81.9,3.6,66.8,13.3,23.6,17,30.3,20.3,13.94,0
"16-APR-1967",0,"/","796:",145.5,3.5,62.8,11.9,23.6,17.7,29.6,21.7,19.69,0
"16-MAY-1967",0,"/","797:",136.8,3.1,66.9,11.3,23,17.4,28.7,21.4,18.31,0
"16-JUN-1967",0,"/","798:",107.2,3,63.8,10.9,22.2,16.8,27.7,20.5,10.85,0
"16-JUL-1967",0,"/","799:",87.2,2.8,72,10.6,21.7,16.4,27,20.3,9.71,0
"16-AUG-1967",0,"/","800:",89.5,2.8,74.9,10.8,21.5,16.1,26.9,20.3,10,0
"16-SEP-1967",0,"/","801:",117.4,3,72.5,11.2,22,16.4,27.6,20.5,14.5,0
"16-OCT-1967",0,"/","802:",204.2,2.9,76.5,11.1,22.1,16.6,27.7,20.8,20.96,0
"16-NOV-1967",0,"/","803:",146.7,2.9,74.1,11,22,16.5,27.5,20.3,18.63,0
"16-DEC-1967",0,"/","804:",44.2,3.2,63.8,12.4,22.6,16.4,28.8,19.8,11.35,0
"16-JAN-1968",0,"/","805:",24.3,3.6,55.8,14.1,22.4,15.4,29.5,18.7,7.64,0
"15-FEB-1968",0,"/","806:",116.9,3.6,62,13.2,23,16.4,29.6,18.8,16.06,0
"16-MAR-1968",0,"/","807:",131.2,3.6,64.3,12.8,23,16.6,29.4,19.7,17.89,0
"16-APR-1968",0,"/","808:",129.1,3.2,70,11.7,22.6,16.8,28.5,20.4,18.74,0
"16-MAY-1968",0,"/","809:",77.9,3.2,63.2,11.9,22.5,16.6,28.5,20.6,14.54,0
"16-JUN-1968",0,"/","810:",105.4,3,64.8,10.9,22.2,16.8,27.7,20.2,10.35,0
"16-JUL-1968",0,"/","811:",72.7,2.8,69.4,11.4,21.5,15.8,27.2,20.1,9.13,0
"16-AUG-1968",0,"/","812:",117,2.9,73.6,10.9,21.6,16.2,27.1,20.1,11.27,0
"16-SEP-1968",0,"/","813:",102.9,3.3,64.3,12.5,22.2,16,28.5,20.7,13.52,0
"16-OCT-1968",0,"/","814:",146.3,3.1,69.9,12,22.1,16.1,28.1,20.5,17.91,0
"16-NOV-1968",0,"/","815:",96,3.2,66.9,12.4,22.8,16.6,29,21,15.37,0
"16-DEC-1968",0,"/","816:",153.3,3,70.2,11.9,22.6,16.7,28.6,20.1,20.55,0
"16-JAN-1969",0,"/","817:",122.2,3.2,69.2,12.4,22.8,16.6,29,20,16.35,0
"15-FEB-1969",0,"/","818:",82.1,3.5,66.9,12.8,23.4,17,29.8,19.4,13.33,0
"16-MAR-1969",0,"/","819:",86.8,3.3,73.9,12.3,23.5,17.4,29.7,20.7,14.61,0
"16-APR-1969",0,"/","820:",90.5,3.4,64.5,12.4,23.8,17.6,30,22.1,15.78,0
"16-MAY-1969",0,"/","821:",154.9,3.2,65.4,11.6,23.3,17.5,29.1,21.6,19.85,0
"16-JUN-1969",0,"/","822:",70.4,3.1,62.8,11.3,22.8,17.2,28.5,21.3,8.73,0
"16-JUL-1969",0,"/","823:",55.6,3,63.8,11.9,21.9,16,27.9,20.7,8.03,0
"16-AUG-1969",0,"/","824:",118,3.1,68,11.9,21.9,16,27.9,20.6,11.45,0
"16-SEP-1969",0,"/","825:",150.2,3.2,67.6,12,22.5,16.5,28.5,21,16.21,0
"16-OCT-1969",0,"/","826:",129.8,3.2,70.1,12.1,22.8,16.8,28.9,21.3,17.27,0
"16-NOV-1969",0,"/","827:",112.9,3.2,66.7,12.4,22.8,16.6,29,20.8,16.59,0
"16-DEC-1969",0,"/","828:",68.8,3.3,62.9,12.9,23,16.6,29.5,20.2,14.1,0
"16-JAN-1970",0,"/","829:",87.1,3.4,63.3,12.6,23.1,16.8,29.4,19.8,13.55,0
"15-FEB-1970",0,"/","830:",48.8,3.7,62.2,13.4,24.1,17.4,30.8,20.1,10.96,0
"16-MAR-1970",0,"/","831:",158.2,3.3,76.6,11.8,23.7,17.8,29.6,21.1,19.59,0
"16-APR-1970",0,"/","832:",173.4,3.2,72.9,11.4,23.5,17.8,29.2,21.9,21.36,0
"16-MAY-1970",0,"/","833:",134.1,3.2,65.8,11.5,23.1,17.4,28.9,21.5,18.57,0
"16-JUN-1970",0,"/","834:",101.6,3.2,60.8,11.5,22.9,17.2,28.7,21.2,10.32,0
"16-JUL-1970",0,"/","835:",95.7,2.8,70.6,11,22,16.5,27.5,20.8,10.35,0
"16-AUG-1970",0,"/","836:",225.8,2.7,79.2,10.2,22,16.9,27.1,21.1,15.31,0
"16-SEP-1970",0,"/","837:",135.6,3.1,70.2,11.6,22.4,16.6,28.2,21.3,15.13,0
"16-OCT-1970",0,"/","838:",113.7,3,72.7,11.8,22.5,16.6,28.4,21.7,16.28,0
"16-NOV-1970",0,"/","839:",56.4,3.3,63,12.7,22.8,16.5,29.2,20.4,11.71,0
"16-DEC-1970",0,"/","840:",35.1,3.2,63.7,12.8,22.2,15.8,28.6,19.3,10.38,0
"16-JAN-1971",0,"/","841:",30.9,3.6,57,14,22.9,15.9,29.9,19.3,8.8,0
"15-FEB-1971",0,"/","842:",27.8,3.8,54.4,14.4,23.2,16,30.4,19,8.25,0
"16-MAR-1971",0,"/","843:",96,3.8,60.7,14.2,23.9,16.8,31,20.4,15.57,0
"16-APR-1971",0,"/","844:",132.5,3.4,63.6,12,23.1,17.1,29.1,21,19,0
"16-MAY-1971",0,"/","845:",147.7,3.3,62.2,11.9,23.1,17.2,29.1,21.3,19.42,0
"16-JUN-1971",0,"/","846:",77.8,3.2,55.8,12.1,22.3,16.3,28.4,20.6,9.37,0
"16-JUL-1971",0,"/","847:",118.7,2.9,67.3,11.5,21.7,16,27.5,20.1,11.37,0
"16-AUG-1971",0,"/","848:",137,2.8,76.1,10.8,21.9,16.5,27.3,20.5,12,0
"16-SEP-1971",0,"/","849:",145.5,3.1,69.4,11.9,22,16.1,28,20.5,16.01,0
"16-OCT-1971",0,"/","850:",131.6,3.1,71.3,11.9,22.2,16.3,28.2,20.5,17.05,0
"16-NOV-1971",0,"/","851:",104.8,3.1,70.1,11.9,22.8,16.9,28.8,20.7,16.03,0
"16-DEC-1971",0,"/","852:",7.9,3.2,64,12.8,22,15.6,28.4,19,4.75,0
"16-JAN-1972",0,"/","853:",103.7,3.4,64.3,13.2,23,16.4,29.6,19.8,15.14,0
"15-FEB-1972",0,"/","854:",68.8,3.5,65.6,12.7,22.9,16.6,29.3,19,12.47,0
"16-MAR-1972",0,"/","855:",80.3,3.6,68.7,13.1,23.8,17.3,30.4,20.6,14.43,0
"16-APR-1972",0,"/","856:",126.6,3.3,69.4,11.8,23.4,17.5,29.3,21.4,18.64,0
"16-MAY-1972",0,"/","857:",94.1,3.2,66.2,11.4,23.3,17.6,29,21.4,15.6,0
"16-JUN-1972",0,"/","858:",153.9,2.8,72.3,10.2,22.6,17.5,27.7,20.8,12.39,0
"16-JUL-1972",0,"/","859:",53.3,2.9,70.4,10.9,22.4,17,27.9,20.9,7.93,0
"16-AUG-1972",0,"/","860:",157.8,2.9,76.1,10.5,22.1,16.9,27.4,20.6,13,0
"16-SEP-1972",0,"/","861:",96.6,3.3,66.9,12.1,22.5,16.5,28.6,20.8,13.15,0
"16-OCT-1972",0,"/","862:",158.7,3.1,72.4,11.7,22.5,16.7,28.4,20.9,18.93,0
"16-NOV-1972",0,"/","863:",143.7,3,72.6,11.4,22.4,16.7,28.1,20.5,18.48,0
"16-DEC-1972",0,"/","864:",64.2,3.2,66.1,12.3,22.8,16.7,29,19.9,13.19,0
"16-JAN-1973",0,"/","865:",54,3.5,60.8,13.2,23.3,16.7,29.9,19.8,11.43,0
"15-FEB-1973",0,"/","866:",86.5,3.9,58.1,14.1,24.4,17.4,31.5,19.8,13.97,0
"16-MAR-1973",0,"/","867:",66.1,3.8,63,13.3,24.3,17.7,31,21.2,12.7,0
"16-APR-1973",0,"/","868:",107.7,3.4,67,11.8,23.5,17.6,29.4,21.5,17.13,0
"16-MAY-1973",0,"/","869:",120.5,3.2,64.9,11.4,23.1,17.4,28.8,21.4,17.74,0
"16-JUN-1973",0,"/","870:",36.3,3.1,65.2,11.2,22.8,17.2,28.4,20.8,5.91,0
"16-JUL-1973",0,"/","871:",38.6,2.9,68.6,11.5,21.8,16.1,27.6,20.2,6.71,0
"16-AUG-1973",0,"/","872:",107.6,2.9,76.1,10.7,22,16.7,27.4,20.6,10.96,0
"16-SEP-1973",0,"/","873:",182.9,3.1,71.4,11.4,22.1,16.4,27.8,20.5,17.54,0
"16-OCT-1973",0,"/","874:",141,3.3,67.3,12.4,22.8,16.6,29,20.9,17.8,0
"16-NOV-1973",0,"/","875:",114.1,3.2,65,12.2,22.7,16.6,28.8,20.3,16.68,0
"16-DEC-1973",0,"/","876:",19.5,3.4,58,13.2,22.6,16,29.2,19.4,6.95,0
"16-JAN-1974",0,"/","877:",66.8,3.5,58.3,14,22.8,15.8,29.8,19.4,12.34,0
"15-FEB-1974",0,"/","878:",61.5,3.8,59.7,13.8,23.8,16.9,30.7,19.6,11.84,0
"16-MAR-1974",0,"/","879:",144.4,3.5,70.4,12.7,23.7,17.4,30.1,20.7,18.85,0
"16-APR-1974",0,"/","880:",99.5,3.1,72.7,11.1,23.1,17.6,28.7,21.4,16.47,0
"16-MAY-1974",0,"/","881:",153.2,3,69.7,11.2,22.4,16.8,28,20.8,19.49,0
"16-JUN-1974",0,"/","882:",182.1,3,67.2,10.8,22.5,17.1,27.9,20.6,13.74,0
"16-JUL-1974",0,"/","883:",119.4,2.7,76.4,10.1,21.7,16.7,26.8,20.1,11.3,0
"16-AUG-1974",0,"/","884:",162.8,2.9,73.8,11.2,21.8,16.2,27.4,20.4,13.21,0
"16-SEP-1974",0,"/","885:",139.6,3.2,66.4,12.1,21.7,15.7,27.8,20.1,15.63,0
"16-OCT-1974",0,"/","886:",107.2,3.3,66.5,12.7,22.5,16.2,28.9,20.6,15.71,0
"16-NOV-1974",0,"/","887:",82.2,3.3,64,13,22.7,16.2,29.2,19.8,14.47,0
"16-DEC-1974",0,"/","888:",35.5,3.2,64.3,12.9,22.5,16.1,29,19.3,10.52,0
"16-JAN-1975",0,"/","889:",59.4,3.5,58,13.8,22.9,16,29.8,19.3,11.59,0
"15-FEB-1975",0,"/","890:",63.9,3.7,62,13.6,23.9,17.1,30.7,19.7,12.11,0
"16-MAR-1975",0,"/","891:",102.6,3.5,69.3,12.7,23.8,17.5,30.2,20.6,15.81,0
"16-APR-1975",0,"/","892:",131.7,3.3,69.6,11.7,23.4,17.6,29.3,21.5,17.91,0
"16-MAY-1975",0,"/","893:",159,3.2,63.9,11.7,23,17.2,28.9,21.2,19.73,0
"16-JUN-1975",0,"/","894:",84.9,2.8,71.1,10.2,22.2,17.1,27.3,20.6,9.62,0
"16-JUL-1975",0,"/","895:",123.8,2.8,72.2,10.5,21.8,16.6,27.1,20.2,11.65,0
"16-AUG-1975",0,"/","896:",179.5,2.7,79.8,9.9,21.5,16.6,26.5,20.3,13.76,0
"16-SEP-1975",0,"/","897:",176.5,3,74.8,10.9,21.6,16.2,27.1,20,17.46,0
"16-OCT-1975",0,"/","898:",149.9,3,76,11.2,22.1,16.5,27.7,20.2,18.17,0
"16-NOV-1975",0,"/","899:",80.4,3.3,66,13,22.9,16.4,29.4,20.1,14.34,0
"16-DEC-1975",0,"/","900:",42.7,3.1,68.2,12.5,22.4,16.2,28.7,19.3,11.08,0
"16-JAN-1976",0,"/","901:",32,3.7,55.1,14.1,23.2,16.2,30.3,19.6,8.42,0
"15-FEB-1976",0,"/","902:",99.3,3.6,62.2,13.3,23.4,16.8,30.1,19.2,14.79,0
"16-MAR-1976",0,"/","903:",78.6,3.4,71.7,12.6,23.6,17.3,29.9,20.4,14.2,0
"16-APR-1976",0,"/","904:",132.1,3.2,72.1,11.5,23.2,17.5,29,21.1,18.99,0
"16-MAY-1976",0,"/","905:",151.2,3,71.3,10.9,23.1,17.7,28.6,21.3,19.79,0
"16-JUN-1976",0,"/","906:",73.3,3,64.8,10.9,22.6,17.2,28.1,20.5,9.02,0
"16-JUL-1976",0,"/","907:",161.8,2.8,73.6,10.5,21.9,16.7,27.2,20.2,13.24,0
"16-AUG-1976",0,"/","908:",189.6,2.9,75.7,10.6,22,16.7,27.3,20.4,13.92,0
"16-SEP-1976",0,"/","909:",102.7,3.3,67.1,11.8,22.6,16.7,28.5,20.8,13.59,0
"16-OCT-1976",0,"/","910:",113.7,3.3,66.8,12.4,22.9,16.7,29.1,21,16.28,0
"16-NOV-1976",0,"/","911:",126.6,3.1,72.5,11.7,23,17.2,28.9,20.9,17.45,0
"16-DEC-1976",0,"/","912:",67,3.2,67.6,12.6,23.4,17.1,29.7,20.3,13.8,0
"16-JAN-1977",0,"/","913:",70.8,3.3,66.1,12.5,23,16.8,29.3,19.9,12.86,0
"15-FEB-1977",0,"/","914:",70,3.7,60.5,13.4,23.7,17,30.4,19.3,12.48,0
"16-MAR-1977",0,"/","915:",150.3,3.5,71.3,12.6,23.9,17.6,30.2,20.8,18.88,0
"16-APR-1977",0,"/","916:",156.7,3,78.6,10.9,23.4,18,28.9,21.7,20.38,0
"16-MAY-1977",0,"/","917:",90.1,3.2,65.5,11.5,23.3,17.6,29.1,21.5,15.46,0
"16-JUN-1977",0,"/","918:",113.9,3,65.2,10.9,22.7,17.3,28.2,20.7,10.99,0
"16-JUL-1977",0,"/","919:",145.8,2.8,71,10.8,22,16.6,27.4,20.7,12.53,0
"16-AUG-1977",0,"/","920:",151.7,2.8,76.5,10.6,22.3,17,27.6,21.1,12.64,0
"16-SEP-1977",0,"/","921:",127.5,3.3,66.5,11.9,22.7,16.8,28.7,21.2,15.04,0
"16-OCT-1977",0,"/","922:",178.9,3.1,72.9,12,22.8,16.8,28.8,20.9,19.75,0
"16-NOV-1977",0,"/","923:",152.5,3,70.7,11.4,22.4,16.7,28.1,20.4,19.02,0
"16-DEC-1977",0,"/","924:",42.4,3,71.5,12,22.9,16.9,28.9,20.7,11.38,0
"16-JAN-1978",0,"/","925:",18.1,3.5,61.6,13.6,23.4,16.6,30.2,19.9,5.42,0
"15-FEB-1978",0,"/","926:",100.3,3.7,61.2,13.7,24.1,17.3,31,20.1,14.7,0
"16-MAR-1978",0,"/","927:",88.5,3.4,73,12.1,23.3,17.3,29.4,20.3,14.9,0
"16-APR-1978",0,"/","928:",118.9,3.2,74.1,11.4,23.6,17.9,29.3,21.1,17.97,0
"16-MAY-1978",0,"/","929:",59.5,3.2,66.1,11.5,23.4,17.7,29.2,22.2,12.91,0
"16-JUN-1978",0,"/","930:",95.2,3,67.2,11.1,22.8,17.3,28.4,21.2,10.23,0
"16-JUL-1978",0,"/","931:",116.7,2.8,71,11.2,22,16.4,27.6,20.8,11.37,0
"16-AUG-1978",0,"/","932:",151.6,2.8,77.8,10.6,22.2,16.9,27.5,21,12.38,0
"16-SEP-1978",0,"/","933:",140.8,3.1,73.7,11.3,22.4,16.8,28.1,20.8,15.74,0
"16-OCT-1978",0,"/","934:",174.3,3.1,72.8,11.5,22.7,17,28.5,21.1,19.75,0
"16-NOV-1978",0,"/","935:",106.4,3.1,71,11.9,22.9,17,28.9,20.7,16.13,0
"16-DEC-1978",0,"/","936:",44.6,3.1,69.7,11.8,22.8,16.9,28.7,19.9,11.27,0
"16-JAN-1979",0,"/","937:",130.3,3.4,63.8,13.1,23.6,17.1,30.2,20.6,16.78,0
"15-FEB-1979",0,"/","938:",106.8,3.6,64.2,12.9,23.2,16.8,29.7,19.2,15.34,0
"16-MAR-1979",0,"/","939:",56.6,3.6,67.8,13.2,23.5,16.9,30.1,20.1,12.06,0
"16-APR-1979",0,"/","940:",130.3,3.3,70,11.9,23.5,17.6,29.5,21.6,18.73,0
"16-MAY-1979",0,"/","941:",115.2,3.2,65,11.3,23,17.4,28.7,21.2,17.42,0
"16-JUN-1979",0,"/","942:",87.2,3,65.5,10.8,22.3,16.9,27.7,20.5,9.76,0
"16-JUL-1979",0,"/","943:",46.7,2.9,68.4,11.2,22,16.4,27.6,20.2,7.37,0
"16-AUG-1979",0,"/","944:",108.7,2.9,75.4,10.8,22.4,17,27.8,20.8,10.97,0
"16-SEP-1979",0,"/","945:",86.4,3.4,63,12.4,22.5,16.3,28.7,20.6,12.39,0
"16-OCT-1979",0,"/","946:",126.8,3.2,69.6,12.2,22.7,16.6,28.8,21,16.96,0
"16-NOV-1979",0,"/","947:",71.9,3.1,70.4,12,23,17,29,20.8,13.34,0
"16-DEC-1979",0,"/","948:",68.4,3.1,69.2,12,22.8,16.8,28.8,19.9,14.25,0
"16-JAN-1980",0,"/","949:",18.9,3.5,61.3,13.2,23.4,16.8,30,19.9,6.15,0
"15-FEB-1980",0,"/","950:",49.8,3.8,61.4,13.4,24.3,17.6,31,20,9.12,0
"16-MAR-1980",0,"/","951:",55.4,3.5,70.4,12.6,24.1,17.8,30.4,21.7,11.88,0
"16-APR-1980",0,"/","952:",99,3.2,74.2,11.3,24,18.4,29.7,22.6,16.47,0
"16-MAY-1980",0,"/","953:",169.7,2.9,73.5,10.4,23,17.8,28.2,21.6,20.7,0
"16-JUN-1980",0,"/","954:",103.7,2.8,72.1,10.4,22.7,17.5,27.9,21.3,10.43,0
"16-JUL-1980",0,"/","955:",50.3,2.8,70.6,10.6,22,16.7,27.3,20.8,7.41,0
"16-AUG-1980",0,"/","956:",105.1,2.8,76.1,10.5,22.1,16.9,27.4,20.8,10.78,0
"16-SEP-1980",0,"/","957:",124.5,3.2,69.8,11.5,22.7,17,28.5,21.1,14.93,0
"16-OCT-1980",0,"/","958:",117.7,3.3,67.8,12.3,22.8,16.7,29,21,16.35,0
"16-NOV-1980",0,"/","959:",167.8,3,72.6,11.8,22.8,16.9,28.7,20.9,20.11,0
"16-DEC-1980",0,"/","960:",42.8,3.1,67.7,12.4,22.5,16.3,28.7,19.7,11.28,0
"16-JAN-1981",0,"/","961:",40.3,3.5,61.1,13.5,23.4,16.7,30.2,19.8,9.5,0
"15-FEB-1981",0,"/","962:",27.3,3.8,58.8,13.9,23.8,16.9,30.8,19.2,7.23,0
"16-MAR-1981",0,"/","963:",125.1,3.2,79.6,11.7,23.8,18,29.7,21,17.27,0
"16-APR-1981",0,"/","964:",96.4,3.3,68.8,11.5,23.7,18,29.5,22.1,16.19,0
"16-MAY-1981",0,"/","965:",106.7,3.1,67.8,11.2,23.4,17.8,29,22,16.82,0
"16-JUN-1981",0,"/","966:",60.5,3.1,63.2,11.3,22.9,17.3,28.6,21.2,8.15,0
"16-JUL-1981",0,"/","967:",108,2.8,72.7,10.3,22,16.9,27.2,20.8,10.77,0
"16-AUG-1981",0,"/","968:",136.6,2.9,76.1,10.4,22.4,17.2,27.6,21,12.25,0
"16-SEP-1981",0,"/","969:",134.2,3.1,70.9,11.4,22.6,16.9,28.3,21.3,15.33,0
"16-OCT-1981",0,"/","970:",144.7,3.3,67.1,12.3,23,16.9,29.2,21.2,17.83,0
"16-NOV-1981",0,"/","971:",89.3,3.3,65,12.6,23.3,17,29.6,20.9,14.92,0
"16-DEC-1981",0,"/","972:",63.1,3.3,61.9,12.9,23.3,16.9,29.8,20.2,13.6,0
"16-JAN-1982",0,"/","973:",83.2,3.4,66.5,12.7,23.6,17.3,30,20.6,13.53,0
"15-FEB-1982",0,"/","974:",52.5,3.8,59.2,13.8,23.7,16.8,30.6,19.2,11.01,0
"16-MAR-1982",0,"/","975:",102.4,3.7,67.4,13.2,24.6,18,31.2,21.6,16.04,0
"16-APR-1982",0,"/","976:",166.6,3.2,71.8,11.3,23.8,18.2,29.5,22.1,21.09,0
"16-MAY-1982",0,"/","977:",141.1,3.1,69.7,10.9,23.3,17.9,28.8,21.9,18.97,0
"16-JUN-1982",0,"/","978:",113.7,3,68.1,10.5,23,17.8,28.3,21.6,10.75,0
"16-JUL-1982",0,"/","979:",113.4,2.9,70.1,10.8,22.4,17,27.8,21,11.05,0
"16-AUG-1982",0,"/","980:",92.9,2.9,75.1,10.4,22.4,17.2,27.6,21.2,9.9,0
"16-SEP-1982",0,"/","981:",131,3.3,67.4,11.9,22.9,17,28.9,21.4,14.82,0
"16-OCT-1982",0,"/","982:",197.3,3,76.1,11,22.6,17.1,28.1,21.3,20.58,0
"16-NOV-1982",0,"/","983:",159.1,3,71,11.2,22.7,17.1,28.3,20.8,19.28,0
"16-DEC-1982",0,"/","984:",73.8,3.1,66.9,12.3,22.8,16.7,29,20.2,14.84,0
"16-JAN-1983",0,"/","985:",12.9,3.3,66.3,13.5,22.5,15.8,29.3,19.1,4.44,0
"15-FEB-1983",0,"/","986:",8.3,3.8,59.9,14.2,24.3,17.2,31.4,20.3,4.31,0
"16-MAR-1983",0,"/","987:",50.3,3.6,70.5,13.2,24.7,18.1,31.3,21.9,11.48,0
"16-APR-1983",0,"/","988:",98.9,3.1,77.4,11.5,24.2,18.5,30,22.9,16.4,0
"16-MAY-1983",0,"/","989:",84.3,3.1,68.8,11.4,24,18.3,29.7,23,14.95,0
"16-JUN-1983",0,"/","990:",133.5,2.9,71.9,10.5,23.4,18.2,28.7,22,12,0
"16-JUL-1983",0,"/","991:",107.3,2.8,73.2,10.7,22.7,17.4,28.1,21.7,10.85,0
"16-AUG-1983",0,"/","992:",144.4,2.7,81.7,9.7,22.6,17.8,27.5,21.8,12.41,0
"16-SEP-1983",0,"/","993:",171.8,3.1,72.3,11.4,22.6,16.9,28.3,21.6,17.11,0
"16-OCT-1983",0,"/","994:",189.9,2.9,80.7,10.7,22.8,17.5,28.2,21.6,20.57,0
"16-NOV-1983",0,"/","995:",124,3.1,72,11.9,23.3,17.4,29.3,21.5,17.04,0
"16-DEC-1983",0,"/","996:",50.2,3,72.1,12.7,22.6,16.3,29,19.7,11.45,0
"16-JAN-1984",0,"/","997:",8.4,3.4,59.4,13.5,22.3,15.6,29.1,18.9,4.4,0
"15-FEB-1984",0,"/","998:",65.8,3.8,57.6,14.1,23.9,16.9,31,19.5,12.06,0
"16-MAR-1984",0,"/","999:",82.2,3.7,66.5,13.3,24.3,17.7,31,21.1,14.52,0
"16-APR-1984",0,"/","1000:",106.7,3.3,69.5,11.6,23.6,17.8,29.4,21.9,16.99,0
"16-MAY-1984",0,"/","1001:",72.3,3.3,62.5,11.8,23.6,17.7,29.5,22.1,13.36,0
"16-JUN-1984",0,"/","1002:",62.8,3.1,63,11.3,23,17.4,28.7,21.2,7.61,0
"16-JUL-1984",0,"/","1003:",132.7,3,67.9,10.9,22.4,17,27.9,20.5,11.99,0
"16-AUG-1984",0,"/","1004:",169.3,3,73.5,10.9,22.4,17,27.9,20.8,12.51,0
"16-SEP-1984",0,"/","1005:",94.7,3.4,63.9,12.5,22.6,16.4,28.9,20.9,12.84,0
"16-OCT-1984",0,"/","1006:",133,3.5,61.2,13,23.1,16.6,29.6,20.8,17.44,0
"16-NOV-1984",0,"/","1007:",167.5,3.2,66.9,12,22.9,16.9,28.9,20.7,19.83,0
"16-DEC-1984",0,"/","1008:",61.4,3.3,63.5,12.7,23.1,16.8,29.5,20.5,13.35,0
"16-JAN-1985",0,"/","1009:",53,3.5,63.6,13.2,24.1,17.5,30.7,21.2,11.06,0
"15-FEB-1985",0,"/","1010:",13.9,3.6,63.2,13.2,23,16.4,29.6,18.6,3.8,0
"16-MAR-1985",0,"/","1011:",131.8,3.5,70.3,12.7,23.8,17.5,30.2,20.6,17.91,0
"16-APR-1985",0,"/","1012:",159.5,3,78.8,10.8,22.7,17.3,28.1,20.7,20.37,0
"16-MAY-1985",0,"/","1013:",169.4,3.1,68.7,11.1,22.9,17.4,28.5,21.3,20.62,0
"16-JUN-1985",0,"/","1014:",108.9,3,65.4,10.8,22.7,17.3,28.1,20.8,10.71,0
"16-JUL-1985",0,"/","1015:",110.8,2.9,68.4,11,22,16.5,27.5,20.3,11.13,0
"16-AUG-1985",0,"/","1016:",102.9,3,73.7,10.8,22.5,17.1,27.9,21,10.26,0
"16-SEP-1985",0,"/","1017:",123.3,3.1,71.1,11.2,22.4,16.8,28,21,14.17,0
"16-OCT-1985",0,"/","1018:",102.5,3.2,70.2,11.6,23,17.2,28.8,21,15.5,0
"16-NOV-1985",0,"/","1019:",108.1,3.2,67.5,12,23.3,17.3,29.3,21,16.32,0
"16-DEC-1985",0,"/","1020:",58.4,3.1,69.6,12.2,23,16.9,29.1,19.9,12.45,0
"16-JAN-1986",0,"/","1021:",33.4,3.6,56.4,13.9,23.1,16.2,30.1,19.4,8.07,0
"15-FEB-1986",0,"/","1022:",78.8,3.6,65.5,13.1,24.1,17.6,30.7,19.8,12.79,0
"16-MAR-1986",0,"/","1023:",114.2,3.4,73.8,12.3,23.6,17.5,29.8,20.5,16.81,0
"16-APR-1986",0,"/","1024:",158.9,3.2,73,11.2,23.4,17.8,29,21.5,20.28,0
"16-MAY-1986",0,"/","1025:",91.2,3.2,64.9,11.4,23.5,17.8,29.2,22,15.17,0
"16-JUN-1986",0,"/","1026:",107.4,3,65.2,10.8,22.6,17.2,28,20.9,10.75,0
"16-JUL-1986",0,"/","1027:",84.2,2.9,70,11,22.1,16.6,27.6,20.7,9.8,0
"16-AUG-1986",0,"/","1028:",112.7,3.2,68.6,11.6,22.9,17.1,28.7,21.1,11.2,0
"16-SEP-1986",0,"/","1029:",132.5,3.2,68.8,11.5,22.5,16.8,28.3,21,15.09,0
"16-OCT-1986",0,"/","1030:",125,3.2,71.9,11.4,23.1,17.4,28.8,21.1,16.78,0
"16-NOV-1986",0,"/","1031:",173,3.2,67.5,11.8,23.4,17.5,29.3,21.1,20.07,0
"16-DEC-1986",0,"/","1032:",78.8,3.1,68,11.9,22.8,16.9,28.8,19.9,14.64,0
"16-JAN-1987",0,"/","1033:",35.4,3.5,58.9,13.4,23.1,16.4,29.8,19.6,8.5,0
"15-FEB-1987",0,"/","1034:",69.9,3.8,59.7,13.7,24.1,17.3,31,19.7,12.48,0
"16-MAR-1987",0,"/","1035:",139.8,3.6,68,12.7,24.1,17.8,30.5,20.8,18.09,0
"16-APR-1987",0,"/","1036:",107.3,3.5,64.8,11.8,24,18.1,29.9,22.1,17.07,0
"16-MAY-1987",0,"/","1037:",123.5,3.1,68.9,10.9,23.6,18.2,29.1,21.6,17.94,0
"16-JUN-1987",0,"/","1038:",147.8,3,68.2,10.4,23.1,17.9,28.3,21.5,12.47,0
"16-JUL-1987",0,"/","1039:",86.3,3.2,63.4,11.7,23.1,17.3,29,21.1,9.73,0
"16-AUG-1987",0,"/","1040:",155.7,3.3,63.7,12,23.3,17.3,29.3,21.5,12.83,0
"16-SEP-1987",0,"/","1041:",143.7,3.6,58.9,13,23.4,16.9,29.9,21.5,15.63,0
"16-OCT-1987",0,"/","1042:",130.8,3.3,68.1,12.3,23.4,17.3,29.6,21.7,17.24,0
"16-NOV-1987",0,"/","1043:",121.4,3.3,64.3,12.6,23.5,17.2,29.8,21.3,16.63,0
"16-DEC-1987",0,"/","1044:",46.6,3.6,54,12.8,23.8,17.4,30.2,20.6,11.55,0
"16-JAN-1988",0,"/","1045:",62.7,3.6,60.3,13.7,23.8,17,30.7,20.1,11.98,0
"15-FEB-1988",0,"/","1046:",71.1,3.9,57.6,14.6,24.5,17.2,31.8,20.3,12.19,0
"16-MAR-1988",0,"/","1047:",106.2,3.7,65.9,13.5,24.7,18,31.5,21.8,16.23,0
"16-APR-1988",0,"/","1048:",115.9,3.4,66.8,12.2,23.7,17.6,29.8,22,17.8,0
"16-MAY-1988",0,"/","1049:",122.9,3.4,59.7,12.4,23.6,17.4,29.8,22,17.46,0
"16-JUN-1988",0,"/","1050:",118.7,3.2,58.5,11.8,23.3,17.4,29.2,21.5,10.97,0
"16-JUL-1988",0,"/","1051:",120.4,2.8,70.5,11,21.9,16.4,27.4,20.7,11.42,0
"16-AUG-1988",0,"/","1052:",175.1,2.9,76.1,10.4,22.4,17.2,27.6,21.3,13.36,0
"16-SEP-1988",0,"/","1053:",180.7,3.2,69.6,11.6,22.4,16.6,28.2,21,17.65,0
"16-OCT-1988",0,"/","1054:",148.9,3.2,71.1,12,22.8,16.8,28.8,21.3,18.19,0
"16-NOV-1988",0,"/","1055:",95.7,3.2,66.3,12.4,22.9,16.7,29.1,20.9,14.98,0
"16-DEC-1988",0,"/","1056:",58.3,3.3,60.9,13.4,22.6,15.9,29.3,19.8,13.28,0
"16-JAN-1989",0,"/","1057:",8.1,3.3,59.2,12.9,21.6,15.2,28.1,19,4.07,0
"15-FEB-1989",0,"/","1058:",58,3.6,61.8,13.4,22.9,16.2,29.6,18.8,11.73,0
"16-MAR-1989",0,"/","1059:",139.7,3.5,69.3,12.6,23.6,17.3,29.9,20.4,18.26,0
"16-APR-1989",0,"/","1060:",88,3.2,69.6,11.5,23.1,17.4,28.9,21.4,15.78,0
"16-MAY-1989",0,"/","1061:",102.8,3.1,65.8,11.3,22.7,17.1,28.4,21,16.44,0
"16-JUN-1989",0,"/","1062:",45.7,3.1,61,11.1,22.5,17,28.1,20.6,7.11,0
"16-JUL-1989",0,"/","1063:",51.9,2.9,69.3,10.9,22.2,16.8,27.7,20.8,6.96,0
"16-AUG-1989",0,"/","1064:",122.8,2.9,73.8,10.4,22.4,17.2,27.6,21.2,11.59,0
"16-SEP-1989",0,"/","1065:",148.1,3.2,67.4,11.4,22.7,17,28.4,21.4,16.1,0
"16-OCT-1989",0,"/","1066:",171.7,3.2,70.8,12.1,23,17,29.1,21.6,19.33,0
"16-NOV-1989",0,"/","1067:",115.9,3.2,65.9,12.8,23.2,16.8,29.6,21.2,16.82,0
"16-DEC-1989",0,"/","1068:",125.5,3,73.3,11.3,22.8,17.2,28.5,20.1,18.76,0
"16-JAN-1990",0,"/","1069:",50.4,3.5,59.2,13.2,22.8,16.2,29.4,19.6,10.68,0
"15-FEB-1990",0,"/","1070:",69.6,3.5,66.5,12.4,23.7,17.5,29.9,19.8,12.41,0
"16-MAR-1990",0,"/","1071:",111.6,3.5,69.1,12.3,23.8,17.7,30,20.9,16.63,0
"16-APR-1990",0,"/","1072:",110.8,3.3,72,11.5,24,18.3,29.8,22.3,17.14,0
"16-MAY-1990",0,"/","1073:",75.7,3.3,63.7,11.8,24,18.1,29.9,22.2,14.44,0
"16-JUN-1990",0,"/","1074:",68.2,3.2,59.7,11.7,23.6,17.8,29.5,22,8.47,0
"16-JUL-1990",0,"/","1075:",44,3,68.4,11.4,22.5,16.8,28.2,21.1,6.61,0
"16-AUG-1990",0,"/","1076:",136.2,3,72.1,10.6,22.5,17.2,27.8,21.3,11.93,0
"16-SEP-1990",0,"/","1077:",160.9,3.2,67.2,11.6,22.8,17,28.6,21.6,16.24,0
"16-OCT-1990",0,"/","1078:",153,3.2,69.7,11.7,22.9,17.1,28.8,21.4,18.59,0
"16-NOV-1990",0,"/","1079:",100,3.3,64.5,12.2,23.3,17.2,29.4,21.1,15.63,0
"16-DEC-1990",0,"/","1080:",132.4,3.2,67.4,11.9,23.3,17.4,29.3,20.6,19.6,0
"16-JAN-1991",0,"/","1081:",46.4,3.4,61.8,13.7,22.6,15.8,29.5,19.9,10.04,0
"15-FEB-1991",0,"/","1082:",24.7,3.8,58.5,14,24,17,31,19.6,6.97,0
"16-MAR-1991",0,"/","1083:",74.2,3.6,69.5,13,24.2,17.7,30.7,21,13.24,0
"16-APR-1991",0,"/","1084:",116.3,3.3,67.5,12,23.6,17.6,29.6,21.9,17.75,0
"16-MAY-1991",0,"/","1085:",106.2,3.1,68.3,11.7,23.4,17.6,29.3,22,16.87,0
"16-JUN-1991",0,"/","1086:",148.8,3.1,64.5,11.4,23.1,17.4,28.8,21.4,12.65,0
"16-JUL-1991",0,"/","1087:",112.2,2.8,71,11.6,22.1,16.3,27.9,21.1,11.42,0
"16-AUG-1991",0,"/","1088:",125.6,2.9,73,11.4,22,16.3,27.7,21.2,11.41,0
"16-SEP-1991",0,"/","1089:",100.1,3.2,66.6,12.5,22.4,16.2,28.7,21.3,13.39,0
"16-OCT-1991",0,"/","1090:",198.7,3.1,73.6,12.1,22.7,16.7,28.8,21.3,20.86,0
"16-NOV-1991",0,"/","1091:",98.3,3.2,67.6,12.8,22.8,16.4,29.2,21,15.55,0
"16-DEC-1991",0,"/","1092:",53.4,3.2,61.4,12.9,22.4,16,28.9,20.2,12.12,0
"16-JAN-1992",0,"/","1093:",30.4,3.7,56.1,14.1,23.4,16.4,30.5,19.5,7.87,0
"15-FEB-1992",0,"/","1094:",40,3.7,62.1,13.8,23.9,17,30.8,19.3,8.53,0
"16-MAR-1992",0,"/","1095:",101.5,3.7,64.5,12.8,24,17.6,30.4,20.6,15.7,0
"16-APR-1992",0,"/","1096:",123.7,3.3,70.3,11,23.8,18.3,29.3,21.6,18.16,0
"16-MAY-1992",0,"/","1097:",91,3.2,65.8,11.3,23.4,17.8,29.1,21.5,15.13,0
"16-JUN-1992",0,"/","1098:",160.1,2.9,72.3,10.2,22.9,17.8,28,21,12.98,0
"16-JUL-1992",0,"/","1099:",86.1,2.9,70.4,10.4,22.1,16.9,27.3,20.5,9.79,0
"16-AUG-1992",0,"/","1100:",107,2.8,79.8,10.7,22.1,16.8,27.5,20.8,10.49,0
"16-SEP-1992",0,"/","1101:",115,3.1,71.9,11.2,22.5,16.9,28.1,20.8,14.22,0
"16-OCT-1992",0,"/","1102:",175.7,3,77.8,11.8,22.7,16.8,28.6,21,19.39,0
"16-NOV-1992",0,"/","1103:",102.9,3.2,65.2,12,22.8,16.8,28.8,20.7,16.02,0
"16-DEC-1992",0,"/","1104:",89.4,3.2,62.8,12.4,22.7,16.5,28.9,19.8,16.35,0
"16-JAN-1993",0,"/","1105:",55.4,3.5,57.3,13.4,22.7,16,29.4,19.5,10.12,0
"15-FEB-1993",0,"/","1106:",86.7,3.7,58.5,13.5,23.4,16.7,30.2,19.3,13.31,0
"16-MAR-1993",0,"/","1107:",97.4,3.6,63.5,12.8,23.6,17.2,30,20.6,15.65,0
"16-APR-1993",0,"/","1108:",107.9,3.4,62.8,11.6,23.4,17.6,29.2,21.7,16.98,0
"16-MAY-1993",0,"/","1109:",192.7,3.2,64.8,11.4,22.9,17.2,28.6,21.2,21.91,0
"16-JUN-1993",0,"/","1110:",132.8,3.2,63.7,11.1,23.7,18.2,29.3,21.3,12.06,0
"16-JUL-1993",0,"/","1111:",33.5,3,67.7,11.1,22.9,17.4,28.5,20.9,5.01,0
"16-AUG-1993",0,"/","1112:",160.9,3.2,71.6,10.8,23.6,18.2,29,21.4,13.11,0
"16-SEP-1993",0,"/","1113:",116.3,3.2,66.6,11.7,22.5,16.7,28.4,21.5,14.43,0
"16-OCT-1993",0,"/","1114:",119.4,3.2,67.5,11.8,22.3,16.4,28.2,20.5,16.54,0
"16-NOV-1993",0,"/","1115:",108.1,3.7,63,12,25.8,19.8,31.8,21.7,16.25,0
"16-DEC-1993",0,"/","1116:",85.3,3.2,63.5,12.4,22.8,16.6,29,20.6,15.93,0
"16-JAN-1994",0,"/","1117:",77.5,3.5,56.3,13.4,22.7,16,29.4,20.2,12.76,0
"15-FEB-1994",0,"/","1118:",27.9,3.7,57.2,13.5,23.5,16.8,30.3,20,6.89,0
"16-MAR-1994",0,"/","1119:",103.3,3.3,71.4,12.7,23.2,16.9,29.6,21.7,16.02,0
"16-APR-1994",0,"/","1120:",157.8,3.2,68.2,11.6,23.3,17.5,29.1,22.6,19.83,0
"16-MAY-1994",0,"/","1121:",190.8,3.2,67.7,11.5,23.7,18,29.5,21.5,21.94,0
"16-JUN-1994",0,"/","1122:",97.1,3,65.6,11,22.8,17.3,28.3,21,10.25,0
"16-JUL-1994",0,"/","1123:",91.9,2.8,71,11.1,21.7,16.2,27.3,20.3,10.35,0
"16-AUG-1994",0,"/","1124:",174.8,2.9,75.5,10.8,22.4,17,27.8,20.6,13.62,0
"16-SEP-1994",0,"/","1125:",90.4,3.4,64.8,11.8,22.8,16.9,28.7,20.6,12.36,0
"16-OCT-1994",0,"/","1126:",157,3.3,66.6,11.8,22.8,16.9,28.7,20.6,18.99,0
"16-NOV-1994",0,"/","1127:",153.6,3.1,71.9,12,22.8,16.8,28.8,20.4,19.15,0
"16-DEC-1994",0,"/","1128:",60.8,3.2,65.2,12.7,22.8,16.5,29.2,19.6,13.49,0
"16-JAN-1995",0,"/","1129:",30.4,3.6,56,13.8,22.8,15.9,29.7,19.4,7.97,0
"15-FEB-1995",0,"/","1130:",28.3,3.8,58.6,13.8,23.7,16.8,30.6,19.2,7.38,0
"16-MAR-1995",0,"/","1131:",98.3,3.6,70.2,13.3,24.1,17.5,30.8,20.7,15.09,0
"16-APR-1995",0,"/","1132:",146.5,3.4,66.9,12.1,24.2,18.2,30.3,22.3,19.64,0
"16-MAY-1995",0,"/","1133:",147.7,3.2,65.5,11.3,23.4,17.8,29.1,22.4,18.67,0
"16-JUN-1995",0,"/","1134:",145,2.9,71.5,11,23.3,17.8,28.8,21.8,11.9,0
"16-JUL-1995",0,"/","1135:",72,2.8,73.2,10.9,22.1,16.7,27.6,21.4,8.58,0
"16-AUG-1995",0,"/","1136:",81.8,3.1,74,10.6,23.5,18.2,28.8,21.4,9.41,0
"16-SEP-1995",0,"/","1137:",135.4,3.2,72.3,11.9,22.9,17,28.9,21.4,15.41,0
"16-OCT-1995",0,"/","1138:",140.6,3.2,72.3,12.2,23,16.9,29.1,21.5,17.35,0
"16-NOV-1995",0,"/","1139:",104.2,3.3,69.4,12.8,24.2,17.8,30.6,21.4,15.73,0
"16-DEC-1995",0,"/","1140:",59.2,3.2,64.5,12.4,23,16.8,29.2,20.3,13.28,0
"16-JAN-1996",0,"/","1141:",112.3,3.5,61.3,13.5,23.4,16.7,30.2,19.9,16.08,0
"15-FEB-1996",0,"/","1142:",72,3.7,61.3,14.2,23.9,16.8,31,19.7,13.2,0
"16-MAR-1996",0,"/","1143:",121.8,3.5,68.6,13.2,23.7,17.1,30.3,21,17.19,0
"16-APR-1996",0,"/","1144:",87.1,3.1,72.3,11.6,23.3,17.5,29.1,22,14.66,0
"16-MAY-1996",0,"/","1145:",115.4,3.2,63.2,11.5,23.3,17.6,29.1,22.3,17.05,0
"16-JUN-1996",0,"/","1146:",110.8,3,68.5,11.7,22.9,17.1,28.8,21.6,10.28,0
"16-JUL-1996",0,"/","1147:",75.9,2.8,77.2,11,22.5,17,28,20.7,9.24,0
"16-AUG-1996",0,"/","1148:",152.7,3,71.7,11.6,22.3,16.5,28.1,20.9,11.93,0
"16-SEP-1996",0,"/","1149:",134.1,3.2,70.1,12.4,22.5,16.3,28.7,21,15.41,0
"16-OCT-1996",0,"/","1150:",199.2,3.2,71.3,11.8,22.8,16.9,28.7,21,20.82,0
"16-NOV-1996",0,"/","1151:",122.9,3.2,68.8,12,23.2,17.2,29.2,20.8,16.29,0
"16-DEC-1996",0,"/","1152:",54.3,3.2,64.3,12.5,22.7,16.5,29,19.9,12.41,0
"16-JAN-1997",0,"/","1153:",117.3,3.5,61.3,13.5,23.4,16.7,30.2,19.6,16.59,0
"15-FEB-1997",0,"/","1154:",0.6,3.7,61.3,13.5,23.9,17.2,30.7,19.4,0.18,0
"16-MAR-1997",0,"/","1155:",90.7,3.7,66.1,12.8,24.3,17.9,30.7,20.8,15.06,0
"16-APR-1997",0,"/","1156:",157.9,3.2,71.3,11.5,23.5,17.8,29.3,21.7,20.49,0
"16-MAY-1997",0,"/","1157:",117,2.9,77,11.4,23.5,17.8,29.2,21.7,17.57,0
"16-JUN-1997",0,"/","1158:",101.7,3.1,63.9,11.1,23.2,17.7,28.8,21.1,10.58,0
"16-JUL-1997",0,"/","1159:",93.6,2.8,74,11.1,22.3,16.8,27.9,20.7,10.48,0
"16-AUG-1997",0,"/","1160:",89,3,70.3,10.8,21.9,16.5,27.3,20.9,9.69,0
"16-SEP-1997",0,"/","1161:",63,3.4,63.7,11.7,23,17.2,28.9,21,10.67,0
"16-OCT-1997",0,"/","1162:",148.9,3.2,72.3,11.8,23.1,17.2,29,21.1,18.41,0
"16-NOV-1997",0,"/","1163:",178.6,3.2,68.8,12.7,23.2,16.9,29.6,20.8,20.3,0
"16-DEC-1997",0,"/","1164:",143.1,3,75,13,22.9,16.4,29.4,19.9,19.93,0
"16-JAN-1998",0,"/","1165:",115.2,3.5,61.3,14.1,23.3,16.3,30.4,19.6,16.35,0
"15-FEB-1998",0,"/","1166:",56.1,3.8,62.9,14.3,24.2,17.1,31.4,19.4,11.39,0
"16-MAR-1998",0,"/","1167:",111,3.8,65.1,12.7,24.9,18.6,31.3,21.1,16.61,0
"16-APR-1998",0,"/","1168:",109.7,3.2,71.3,11.5,23.7,18,29.5,22.1,17.51,0
"16-MAY-1998",0,"/","1169:",137.2,3,69.4,11.4,23.1,17.4,28.8,22.2,19.18,0
"16-JUN-1998",0,"/","1170:",84,3.2,55,11,22.9,17.4,28.4,21.6,9.72,0
"16-JUL-1998",0,"/","1171:",84.7,2.8,73.3,11.1,22.3,16.8,27.9,21.1,9.67,0
"16-AUG-1998",0,"/","1172:",82.8,3,70.2,10,22.3,17.3,27.3,21.4,9.21,0
"16-SEP-1998",0,"/","1173:",108.6,3.2,71.4,11.8,22.8,16.9,28.7,21.4,13.91,0
"16-OCT-1998",0,"/","1174:",185.1,3.2,71.3,11.2,23.1,17.5,28.7,21.5,20.34,0
"16-NOV-1998",0,"/","1175:",83.4,3.2,68.8,12.5,23.5,17.3,29.8,20.8,14.43,0
"16-DEC-1998",0,"/","1176:",29.8,3.3,68.1,13.4,24,17.3,30.7,19.8,9.07,0
"16-JAN-1999",0,"/","1177:",63.9,3.5,61.3,13.2,23.3,16.7,29.9,19.8,10.86,0
"15-FEB-1999",0,"/","1178:",25.5,4,61.3,13.9,25.5,18.6,32.5,19.6,7.63,0
"16-MAR-1999",0,"/","1179:",123.5,3.3,77.4,12.7,24,17.7,30.4,20.9,17.21,0
"16-APR-1999",0,"/","1180:",74.9,3.3,72.8,12.1,23.9,17.9,30,21.9,14.31,0
"16-MAY-1999",0,"/","1181:",92,3.3,61.1,11.8,23.3,17.4,29.2,21.8,15.26,0
"16-JUN-1999",0,"/","1182:",55.3,3.3,55.5,11.6,22.9,17.1,28.7,21.3,7.33,0
"16-JUL-1999",0,"/","1183:",38.9,3,66.8,11.5,22.2,16.5,28,20.8,5.69,0
"16-AUG-1999",0,"/","1184:",182.5,2.7,85.2,10.8,22.4,17,27.8,20.9,14.01,0
"16-SEP-1999",0,"/","1185:",127.3,3.2,68.5,12.1,22.7,16.7,28.8,21.1,14.98,0
"16-OCT-1999",0,"/","1186:",182.2,3.2,64.8,11.2,22.3,16.7,27.9,21.5,20.19,0
"16-NOV-1999",0,"/","1187:",116.2,3.2,68.8,12.1,23.2,17.2,29.3,20.9,16.7,0
"16-DEC-1999",0,"/","1188:",61.6,3.1,69.6,12.3,23,16.9,29.2,20,13.82,0
"16-JAN-2000",0,"/","1189:",28.7,3.5,61.3,13.8,23.3,16.4,30.2,19.5,7.79,0
"15-FEB-2000",0,"/","1190:",32,3.8,62.1,13.9,24.1,17.2,31.1,19.4,7.74,0
"16-MAR-2000",0,"/","1191:",68.6,3.6,70.4,13.1,24.2,17.7,30.8,20.5,12.96,0
"16-APR-2000",0,"/","1192:",110.5,3.4,71.3,12,24.5,18.5,30.5,21.9,17.3,0
"16-MAY-2000",0,"/","1193:",97.6,3.3,66.3,11.9,24.7,18.8,30.7,22.5,16.17,0
"16-JUN-2000",0,"/","1194:",69.7,3.2,60.2,11.5,23.2,17.5,29,21.9,8.95,0
"16-JUL-2000",0,"/","1195:",63.8,3.4,54.5,10.9,23.3,17.9,28.8,21.2,8.03,0
"16-AUG-2000",0,"/","1196:",120.8,3.1,72.9,11.1,23.8,18.3,29.4,21.7,11.68,0
"16-SEP-2000",0,"/","1197:",108.7,3.2,70.5,12.5,22.7,16.5,29,21.5,13.97,0
"16-OCT-2000",0,"/","1198:",171.8,3.1,72.2,12.1,22.9,16.9,29,22,19.34,0
"16-NOV-2000",0,"/","1199:",123,3.3,68.8,12.6,24.3,18,30.6,21.4,17.1,0
"16-DEC-2000",0,"/","1200:",62.6,3.1,66.3,12.4,22.9,16.7,29.1,20.7,13.11,0
"16-JAN-2001",0,"/","1201:",81.6,3.7,61.3,13.7,24.5,17.7,31.4,19.9,12.23,0
"15-FEB-2001",0,"/","1202:",60.2,3.9,61.3,13.5,25.6,18.9,32.4,20.3,11.27,0
"16-MAR-2001",0,"/","1203:",111.9,3.7,68.1,12.3,25,18.9,31.2,21.4,16.54,0
"16-APR-2001",0,"/","1204:",124.1,3.4,71.3,11.7,24.9,19.1,30.8,22.6,18.2,0
"16-MAY-2001",0,"/","1205:",97.5,3.3,66.1,11.5,24.8,19.1,30.6,22.7,15.68,0
"16-JUN-2001",0,"/","1206:",71.7,3.2,60.7,10.8,23.4,18,28.8,21.5,7.93,0
"16-JUL-2001",0,"/","1207:",145.3,2.9,76.3,10.9,23.2,17.8,28.7,21.4,12.57,0
"16-AUG-2001",0,"/","1208:",157.6,3,75,10.8,23.4,18,28.8,21.7,13,0
"16-SEP-2001",0,"/","1209:",153.8,3.2,72.6,12,23.4,17.4,29.4,21.6,16.27,0
"16-OCT-2001",0,"/","1210:",157.4,3.3,71.3,11.8,24.1,18.2,30,22,18.65,0
"16-NOV-2001",0,"/","1211:",152.9,3.3,68.8,12.4,24.3,18.1,30.5,21.5,18.57,0
"16-DEC-2001",0,"/","1212:",65.1,3.1,72,13.3,23,16.4,29.7,20.2,13.27,0
"16-JAN-2002",0,"/","1213:",71.4,3.6,61.3,13.4,24.3,17.6,31,20.1,11.66,0
"15-FEB-2002",0,"/","1214:",65.5,4,62.7,13.5,26,19.3,32.8,20.5,11.71,0
"16-MAR-2002",0,"/","1215:",113.9,3.7,69,12.7,25,18.7,31.4,21.3,16.65,0
"16-APR-2002",0,"/","1216:",129.6,3.4,71.3,11.5,25.2,19.5,31,22.6,18.7,0
"16-MAY-2002",0,"/","1217:",136.2,3.4,65.1,11.4,24.8,19.1,30.5,22.8,18.58,0
"16-JUN-2002",0,"/","1218:",75.9,3.2,65,11,24.1,18.6,29.6,22,8.75,0
"16-JUL-2002",0,"/","1219:",65.4,3.1,70,11.1,24.2,18.7,29.8,21.8,7.68,0
"16-AUG-2002",0,"/","1220:",123,3.1,75,11.1,24,18.5,29.6,21.8,11.54,0
"16-SEP-2002",0,"/","1221:",111.4,3.5,68.8,12.5,24.4,18.2,30.7,21.8,13.78,0
"16-OCT-2002",0,"/","1222:",146.8,3.3,71.3,12.1,23.4,17.4,29.5,21.1,18.09,0
"16-NOV-2002",0,"/","1223:",129.1,3.3,68.8,11.3,24.2,18.6,29.9,21.9,17.44,0
"16-DEC-2002",0,"/","1224:",73.3,3.3,66.3,12.4,24.1,17.9,30.3,20.5,14.02,0
"16-JAN-2003",0,"/","1225:",48.6,3.6,59.9,13.4,24.4,17.7,31.1,20.6,9.84,0
"15-FEB-2003",0,"/","1226:",58.9,3.8,61.3,13.5,24.6,17.9,31.4,20.3,11.13,0
"16-MAR-2003",0,"/","1227:",111.1,3.7,68.9,12.6,25.3,19,31.6,21.7,16.5,0
"16-APR-2003",0,"/","1228:",131.5,3.4,71.1,10.9,25.2,19.8,30.7,22.9,18.84,0
"16-MAY-2003",0,"/","1229:",103.9,3.3,66.2,11,24.9,19.4,30.4,22.8,16.38,0
"16-JUN-2003",0,"/","1230:",86.1,3.2,64.6,10.7,23.8,18.5,29.2,21.8,9.01,0
"16-JUL-2003",0,"/","1231:",78.8,3.1,68.7,11,23.7,18.2,29.2,21.4,8.89,0
"16-AUG-2003",0,"/","1232:",153.4,2.9,75,10.8,22.6,17.2,28,21.7,12.94,0
"16-SEP-2003",0,"/","1233:",195.6,3.2,69.9,10.6,23.7,18.4,29,22.5,17.78,0
"16-OCT-2003",0,"/","1234:",177.2,3.2,71.3,11.9,23.4,17.5,29.4,22,19.56,0
"16-NOV-2003",0,"/","1235:",109.9,3.3,68.3,11.7,24.4,18.6,30.3,22,16.11,0
"16-DEC-2003",0,"/","1236:",59.9,3.6,63.7,13.1,25.6,19.1,32.2,20.9,12.78,0
"16-JAN-2004",0,"/","1237:",71.5,3.7,61.1,12.9,25.2,18.8,31.7,21,11.66,0
"15-FEB-2004",0,"/","1238:",59.6,4.1,58.6,14.1,25.7,18.7,32.8,20.1,11.2,0
"16-MAR-2004",0,"/","1239:",96.4,3.6,70,12.7,24.6,18.3,31,21.6,15.4,0
"16-APR-2004",0,"/","1240:",116.6,3.2,71.8,10.5,24,18.8,29.3,22.3,17.74,0
"16-MAY-2004",0,"/","1241:",99.8,3.3,65.9,11,24.6,19.1,30.1,22.6,16.01,0
"16-JUN-2004",0,"/","1242:",69,3.2,64.4,10.8,24.1,18.7,29.5,22.1,7.06,0
"16-JUL-2004",0,"/","1243:",79.5,3.1,68.1,11.3,23.7,18.1,29.4,21.5,9.56,0
"16-AUG-2004",0,"/","1244:",138,3.1,73.1,11.3,23.7,18.1,29.4,21.7,12,0
"16-SEP-2004",0,"/","1245:",137,3.3,67.9,11.8,23.1,17.2,29,21.4,15.3,0
"16-OCT-2004",0,"/","1246:",140.4,3.3,70.4,11.9,23.8,17.9,29.8,21.6,17.71,0
"16-NOV-2004",0,"/","1247:",119,3.3,68,11.8,24,18.1,29.9,21.4,16.76,0
"16-DEC-2004",0,"/","1248:",67.4,3.3,65.5,12.2,23.7,17.6,29.8,20.3,13.47,0
"16-JAN-2005",0,"/","1249:",66.6,3.5,59.1,13.8,23,16.1,29.9,19.4,11.37,0
"15-FEB-2005",0,"/","1250:",60.1,4.2,58.8,14.1,26.6,19.6,33.7,20.1,11.22,0
"16-MAR-2005",0,"/","1251:",110,3.7,70.4,11.9,25.9,20,31.9,21.9,16.38,0
"16-APR-2005",0,"/","1252:",104.3,3.7,68.8,12.1,26.1,20.1,32.2,22.7,16.58,0
"16-MAY-2005",0,"/","1253:",105.9,3.2,66.5,10.8,24,18.6,29.4,22.2,16.52,0
"16-JUN-2005",0,"/","1254:",76.2,3.2,64.6,10.7,23.9,18.6,29.3,22,8.86,0
"16-JUL-2005",0,"/","1255:",65.3,3,69.2,10.8,22.7,17.3,28.1,21.1,7.49,0
"16-AUG-2005",0,"/","1256:",156.6,3,74,10.8,23.3,17.9,28.7,21.4,13.09,0
"16-SEP-2005",0,"/","1257:",149.8,3.4,67.9,11.7,23.8,18,29.7,22,16.12,0
"16-OCT-2005",0,"/","1258:",142.6,3.2,70.6,11.9,23.3,17.4,29.3,21.6,17.79,0
"16-NOV-2005",0,"/","1259:",103,3.4,66.6,12.8,25,18.6,31.4,22.5,15.47,0
"16-DEC-2005",0,"/","1260:",55.1,3.7,61.4,14.1,25.6,18.6,32.7,20.7,12.12,0
"16-JAN-2006",0,"/","1261:",54.6,3.7,60.5,13.5,24.9,18.2,31.7,20.3,10.31,0
"15-FEB-2006",0,"/","1262:",64,4,59.7,13.8,25.8,18.9,32.7,20.4,11.62,0
"16-MAR-2006",0,"/","1263:",105.6,3.7,70.6,11.8,25.5,19.6,31.4,21.6,16.09,0
"16-APR-2006",0,"/","1264:",124.4,3.4,70.3,11.4,24.9,19.2,30.6,22.9,18.34,0
"16-MAY-2006",0,"/","1265:",123.2,3.2,66.3,11.3,23.4,17.8,29.1,21.7,17.7,0
"16-JUN-2006",0,"/","1266:",84.4,3.1,63.7,11.3,23.3,17.7,29,21.4,9.4,0
"16-JUL-2006",0,"/","1267:",92,3.1,68.1,11.3,23.6,18,29.3,21.7,9.9,0
"16-AUG-2006",0,"/","1268:",132.5,2.8,83.4,10.7,23.6,18.3,29,22,12.04,0
"16-SEP-2006",0,"/","1269:",123.6,3.2,68.2,11.8,22.7,16.8,28.6,21.4,14.59,0
"16-OCT-2006",0,"/","1270:",148,3.3,70.2,12.2,24.2,18.1,30.3,22.3,18.1,0
"16-NOV-2006",0,"/","1271:",140,3.2,68.9,11.7,24.1,18.3,30,21.9,17.96,0
"16-DEC-2006",0,"/","1272:",71.7,3.2,66,11.9,23.4,17.5,29.4,20.6,13.7,0
"16-JAN-2007",0,"/","1273:",55,3.6,60.9,13,24.5,18,31,20.6,10.4,0
"15-FEB-2007",0,"/","1274:",70,3.9,60.1,13.5,25.5,18.8,32.3,20.6,12.08,0
"16-MAR-2007",0,"/","1275:",92.9,3.9,69.7,13.1,26.5,20,33.1,21.8,14.88,0
"16-APR-2007",0,"/","1276:",124.2,3.4,70.8,11.4,25.1,19.4,30.8,23,18.23,0
"16-MAY-2007",0,"/","1277:",124.9,3.4,65.1,11.5,25.2,19.5,31,22.9,17.79,0
"16-JUN-2007",0,"/","1278:",98,3,65,10.9,22.9,17.5,28.4,21.2,10,0
"16-JUL-2007",0,"/","1279:",202.7,2.5,88.3,11,22.3,16.8,27.8,20.5,15.61,0
"16-AUG-2007",0,"/","1280:",138,3,74.5,10.6,22.9,17.6,28.2,21.4,12,0
"16-SEP-2007",0,"/","1281:",137,3.3,68.9,11.5,23.1,17.4,28.9,21.2,15.3,0
"16-OCT-2007",0,"/","1282:",148,3.3,71,12.3,23.7,17.6,29.9,21.4,18.1,0
"16-NOV-2007",0,"/","1283:",125,3.2,67.6,12.2,23.3,17.2,29.4,20.5,17.1,0
"16-DEC-2007",0,"/","1284:",65,3.4,65.2,12.5,24.8,18.6,31.1,21,13.1,0
"16-JAN-2008",0,"/","1285:",55,3.8,61.4,12.9,26,19.6,32.5,20.9,10.4,0
"15-FEB-2008",0,"/","1286:",64,3.9,60.6,13.4,25.5,18.8,32.2,20.8,11.5,0
"16-MAR-2008",0,"/","1287:",105,3.7,69.6,12.4,25.4,19.2,31.6,22.1,15.9,0
"16-APR-2008",0,"/","1288:",129,3.2,71.1,11.8,23.8,17.9,29.7,22.7,18.5,0
"16-MAY-2008",0,"/","1289:",110.4,3.2,66.1,11.3,23.9,18.3,29.6,22.8,16.81,0
"16-JUN-2008",0,"/","1290:",98,3.1,64.6,10.7,23.3,18,28.7,21.9,10,0
"16-JUL-2008",0,"/","1291:",83.1,3.1,68.3,11.4,23.4,17.7,29.1,21.6,10.24,0
"16-AUG-2008",0,"/","1292:",123.1,3,74.6,10.8,23.5,18.1,28.9,22.4,11.47,0
"16-SEP-2008",0,"/","1293:",137,3.3,69,11.2,23.9,18.3,29.5,22.4,15.3,0
"16-OCT-2008",0,"/","1294:",138.8,3.2,71.7,11.1,23.2,17.7,28.8,21.6,17.6,0
"16-NOV-2008",0,"/","1295:",125,3.3,67.8,12,24.1,18.1,30.1,21.8,17.1,0
"16-DEC-2008",0,"/","1296:",65,3.1,66.1,12.6,22.8,16.5,29.1,20.7,13.1,0
"16-JAN-2009",0,"/","1297:",55,3.7,61.2,13.3,25.1,18.5,31.8,20.6,10.4,0
"15-FEB-2009",0,"/","1298:",69.2,3.9,61.1,13.7,25.1,18.3,32,20.4,12.02,0
"16-MAR-2009",0,"/","1299:",105,3.7,69.5,12.5,25.2,19,31.5,22,15.9,0
"16-APR-2009",0,"/","1300:",129,3.4,70.9,11,24.8,19.3,30.3,22.6,18.5,0
"16-MAY-2009",0,"/","1301:",117,3.3,66.3,11.4,24.8,19.1,30.5,22.7,17.2,0
"16-JUN-2009",0,"/","1302:",98,3.1,64.8,11.1,23.5,18,29.1,22.1,10,0
"16-JUL-2009",0,"/","1303:",92,3.2,69.7,11.3,24.4,18.8,30.1,22.2,9.9,0
"16-AUG-2009",0,"/","1304:",138,3.1,74.8,11,24.1,18.6,29.6,22.3,12,0
"16-SEP-2009",0,"/","1305:",137,3.4,68.9,11.6,24.1,18.3,29.9,22.1,15.3,0
"16-OCT-2009",0,"/","1306:",148,3.4,70.5,11.8,24.3,18.4,30.2,22.2,18.1,0
"16-NOV-2009",0,"/","1307:",124.3,3.3,68.7,12,24.3,18.3,30.3,22.4,17.1,0
"16-DEC-2009",0,"/","1308:",65,3.4,66.3,12.4,25.2,19,31.4,21.3,13.1,0
"16-JAN-2010",0,"/","1309:",63.5,3.5,61,13.7,23.5,16.7,30.4,20.8,11.07,0
"15-FEB-2010",0,"/","1310:",87.2,3.7,61.1,13.7,23.8,17,30.7,19.2,11.5,0
"16-MAR-2010",0,"/","1311:",104.4,3.7,69.8,12.8,25.4,19,31.8,22.1,15.9,0
"16-APR-2010",0,"/","1312:",129,3.4,71.3,11.6,25.2,19.4,31,23,18.5,0
"16-MAY-2010",0,"/","1313:",117,3.3,66.2,11.6,24.5,18.7,30.3,22.9,17.2,0
"16-JUN-2010",0,"/","1314:",98,3.1,64.8,11.1,23.7,18.2,29.3,21.8,10,0
"16-JUL-2010",0,"/","1315:",92,3,69.6,11.4,23.3,17.6,29,21.3,9.9,0
"16-AUG-2010",0,"/","1316:",138,3,74.8,11,23.5,18,29,22.1,12,0
"16-SEP-2010",0,"/","1317:",137,3.3,68.7,11.8,23.8,17.9,29.7,22,15.3,0
"16-OCT-2010",0,"/","1318:",148,3.3,71.1,12,24.1,18.1,30.1,22.2,18.1,0
"16-NOV-2010",0,"/","1319:",125,3.3,68.6,12.2,24.4,18.3,30.5,22,17.1,0
"16-DEC-2010",0,"/","1320:",65,3.4,66.3,12.5,24.5,18.3,30.8,21,13.1,0
